"OrderID","OrderDate","Quantity","Unit Price","CustomerID"
"292","2013-01-02","4","16.00","181"
"296","2013-01-02","7","16.00","244"
"1157","2013-01-08","6","16.00","86"
"2138","2013-01-14","8","16.00","18"
"2437","2013-01-15","7","16.00","258"
"2967","2013-01-18","7","16.00","69"
"3060","2013-01-18","1","16.00","135"
"3107","2013-01-18","5","16.00","334"
"4121","2013-01-25","5","16.00","197"
"4431","2013-01-28","3","16.00","110"
"4457","2013-01-28","8","16.00","116"
"4616","2013-01-29","10","16.00","43"
"4652","2013-01-29","10","16.00","334"
"5112","2013-01-31","10","16.00","200"
"5423","2013-02-01","4","16.00","82"
"5549","2013-02-02","8","16.00","27"
"5982","2013-02-06","2","16.00","325"
"6155","2013-02-07","5","16.00","277"
"6356","2013-02-08","5","16.00","4"
"6655","2013-02-11","5","16.00","97"
"7293","2013-02-15","7","16.00","17"
"7950","2013-02-20","9","16.00","35"
"8163","2013-02-21","5","16.00","29"
"8809","2013-02-27","6","16.00","47"
"9624","2013-03-04","1","16.00","139"
"9793","2013-03-05","3","16.00","367"
"10158","2013-03-07","6","16.00","173"
"10232","2013-03-07","3","16.00","227"
"10251","2013-03-07","3","16.00","325"
"10739","2013-03-09","8","16.00","370"
"11055","2013-03-12","3","16.00","124"
"11356","2013-03-13","9","16.00","230"
"11469","2013-03-13","3","16.00","175"
"11557","2013-03-14","3","16.00","189"
"11600","2013-03-14","4","16.00","191"
"11693","2013-03-14","5","16.00","100"
"11878","2013-03-15","3","16.00","9"
"12040","2013-03-15","5","16.00","86"
"11918","2013-03-15","10","16.00","264"
"12563","2013-03-19","8","16.00","185"
"13332","2013-03-23","9","16.00","24"
"14261","2013-03-29","7","16.00","334"
"16083","2013-04-10","3","16.00","361"
"16248","2013-04-10","1","16.00","170"
"16940","2013-04-15","3","16.00","15"
"17190","2013-04-16","3","16.00","362"
"17237","2013-04-17","7","16.00","303"
"17338","2013-04-17","10","16.00","278"
"17814","2013-04-19","5","16.00","91"
"17734","2013-04-19","8","16.00","167"
"18781","2013-04-25","2","16.00","79"
"19581","2013-04-30","3","16.00","245"
"19508","2013-04-30","7","16.00","273"
"19707","2013-05-01","8","16.00","146"
"19814","2013-05-01","10","16.00","300"
"20009","2013-05-02","1","16.00","62"
"20201","2013-05-03","8","16.00","29"
"20208","2013-05-03","1","16.00","85"
"20518","2013-05-06","8","16.00","15"
"21778","2013-05-11","5","16.00","266"
"22461","2013-05-15","7","16.00","160"
"22625","2013-05-16","2","16.00","175"
"22801","2013-05-17","8","16.00","229"
"22812","2013-05-17","2","16.00","388"
"22970","2013-05-18","2","16.00","28"
"24802","2013-05-29","5","16.00","132"
"25578","2013-06-03","8","16.00","185"
"25859","2013-06-04","5","16.00","217"
"26053","2013-06-05","2","16.00","57"
"26307","2013-06-06","6","16.00","60"
"26989","2013-06-10","8","16.00","315"
"27018","2013-06-10","4","16.00","131"
"28157","2013-06-17","2","16.00","95"
"28381","2013-06-18","1","16.00","345"
"28807","2013-06-20","7","16.00","72"
"29204","2013-06-21","7","16.00","205"
"29235","2013-06-21","10","16.00","313"
"29927","2013-06-26","1","16.00","401"
"30204","2013-06-27","6","16.00","214"
"30446","2013-06-28","9","16.00","221"
"30972","2013-07-01","3","16.00","293"
"31095","2013-07-02","9","16.00","221"
"31136","2013-07-02","8","16.00","212"
"31147","2013-07-02","8","16.00","397"
"31160","2013-07-02","10","16.00","80"
"31403","2013-07-03","5","16.00","379"
"31839","2013-07-05","8","16.00","134"
"32222","2013-07-08","6","16.00","134"
"32366","2013-07-09","5","16.00","395"
"34274","2013-07-18","1","16.00","302"
"34491","2013-07-19","5","16.00","55"
"35265","2013-07-23","4","16.00","158"
"36392","2013-07-30","5","16.00","272"
"37024","2013-08-03","9","16.00","100"
"37294","2013-08-05","9","16.00","131"
"37779","2013-08-07","5","16.00","165"
"37963","2013-08-08","4","16.00","381"
"38630","2013-08-13","3","16.00","317"
"38833","2013-08-14","8","16.00","104"
"39067","2013-08-15","7","16.00","301"
"39265","2013-08-17","1","16.00","94"
"40151","2013-08-23","9","16.00","156"
"40215","2013-08-23","8","16.00","104"
"40256","2013-08-23","5","16.00","32"
"40470","2013-08-26","3","16.00","19"
"41383","2013-08-31","9","16.00","105"
"41406","2013-08-31","8","16.00","246"
"41409","2013-08-31","10","16.00","293"
"41521","2013-09-02","10","16.00","15"
"41696","2013-09-03","3","16.00","291"
"41594","2013-09-03","5","16.00","335"
"41606","2013-09-03","3","16.00","395"
"41892","2013-09-04","10","16.00","397"
"42318","2013-09-06","2","16.00","81"
"43072","2013-09-11","7","16.00","364"
"43181","2013-09-11","10","16.00","207"
"43429","2013-09-12","8","16.00","225"
"43694","2013-09-14","1","16.00","131"
"43845","2013-09-16","8","16.00","206"
"44011","2013-09-16","4","16.00","58"
"44130","2013-09-17","10","16.00","224"
"44204","2013-09-17","2","16.00","141"
"44752","2013-09-19","10","16.00","123"
"45107","2013-09-23","10","16.00","202"
"45645","2013-09-25","10","16.00","147"
"45807","2013-09-25","2","16.00","153"
"45954","2013-09-26","5","16.00","38"
"46366","2013-09-28","4","16.00","11"
"46608","2013-10-01","3","16.00","220"
"46800","2013-10-01","4","16.00","77"
"46825","2013-10-01","3","16.00","309"
"46777","2013-10-01","9","16.00","199"
"46999","2013-10-02","3","16.00","100"
"47004","2013-10-02","3","16.00","272"
"47260","2013-10-05","1","16.00","59"
"47661","2013-10-08","9","16.00","89"
"47697","2013-10-08","2","16.00","43"
"48052","2013-10-10","7","16.00","249"
"48632","2013-10-14","6","16.00","358"
"48725","2013-10-15","6","16.00","376"
"49660","2013-10-21","10","16.00","183"
"49872","2013-10-22","10","16.00","234"
"50752","2013-10-26","9","16.00","237"
"50871","2013-10-28","10","16.00","171"
"52156","2013-11-04","2","16.00","183"
"52392","2013-11-06","8","16.00","354"
"53592","2013-11-13","9","16.00","231"
"54707","2013-11-19","4","16.00","161"
"55166","2013-11-21","1","16.00","275"
"55759","2013-11-26","3","16.00","250"
"56088","2013-11-27","4","16.00","177"
"56261","2013-11-28","1","16.00","106"
"57124","2013-12-03","2","16.00","193"
"57412","2013-12-04","8","16.00","49"
"57863","2013-12-06","3","16.00","373"
"57827","2013-12-06","9","16.00","284"
"58378","2013-12-10","4","16.00","209"
"60136","2013-12-23","5","16.00","27"
"60397","2013-12-24","4","16.00","289"
"60351","2013-12-24","3","16.00","336"
"60206","2013-12-24","7","16.00","56"
"60222","2013-12-24","1","16.00","185"
"60955","2013-12-27","3","16.00","400"
"564","2013-01-04","3","16.00","302"
"912","2013-01-07","1","16.00","368"
"1022","2013-01-07","4","16.00","141"
"1112","2013-01-08","10","16.00","222"
"1827","2013-01-11","4","16.00","79"
"1946","2013-01-11","4","16.00","188"
"2203","2013-01-14","9","16.00","393"
"2776","2013-01-17","3","16.00","207"
"2935","2013-01-18","2","16.00","238"
"4137","2013-01-25","3","16.00","135"
"4821","2013-01-30","7","16.00","239"
"5357","2013-02-01","8","16.00","96"
"5451","2013-02-01","2","16.00","204"
"5645","2013-02-04","10","16.00","355"
"5899","2013-02-05","2","16.00","285"
"6158","2013-02-07","8","16.00","277"
"6660","2013-02-11","7","16.00","244"
"7186","2013-02-14","6","16.00","330"
"7373","2013-02-16","3","16.00","330"
"7386","2013-02-16","9","16.00","144"
"7524","2013-02-18","6","16.00","26"
"7716","2013-02-19","2","16.00","386"
"7825","2013-02-19","5","16.00","256"
"8187","2013-02-22","8","16.00","343"
"8539","2013-02-25","10","16.00","192"
"9010","2013-03-01","2","16.00","215"
"9226","2013-03-01","6","16.00","233"
"9741","2013-03-05","9","16.00","182"
"10476","2013-03-08","1","16.00","309"
"10631","2013-03-08","8","16.00","45"
"10591","2013-03-08","2","16.00","314"
"10742","2013-03-09","3","16.00","119"
"10985","2013-03-11","1","16.00","321"
"11120","2013-03-12","4","16.00","86"
"11565","2013-03-14","5","16.00","245"
"11912","2013-03-15","7","16.00","140"
"13168","2013-03-22","3","16.00","386"
"13366","2013-03-23","5","16.00","251"
"13700","2013-03-26","9","16.00","278"
"14222","2013-03-29","9","16.00","53"
"14499","2013-04-01","8","16.00","330"
"14723","2013-04-02","10","16.00","284"
"14811","2013-04-02","6","16.00","90"
"15044","2013-04-03","5","16.00","357"
"16231","2013-04-10","8","16.00","253"
"16310","2013-04-11","6","16.00","187"
"16569","2013-04-12","1","16.00","35"
"16571","2013-04-12","7","16.00","15"
"17463","2013-04-17","5","16.00","180"
"17852","2013-04-19","10","16.00","230"
"17708","2013-04-19","10","16.00","157"
"18096","2013-04-20","5","16.00","314"
"18120","2013-04-22","3","16.00","142"
"18220","2013-04-22","2","16.00","372"
"18251","2013-04-22","2","16.00","255"
"19280","2013-04-29","1","16.00","71"
"19473","2013-04-30","3","16.00","35"
"19633","2013-04-30","9","16.00","341"
"19817","2013-05-01","9","16.00","176"
"20226","2013-05-03","2","16.00","250"
"20352","2013-05-04","3","16.00","391"
"21316","2013-05-09","1","16.00","377"
"22376","2013-05-15","10","16.00","45"
"22566","2013-05-16","10","16.00","111"
"23047","2013-05-18","1","16.00","70"
"23108","2013-05-20","5","16.00","275"
"23161","2013-05-20","6","16.00","242"
"24093","2013-05-24","3","16.00","303"
"24187","2013-05-25","3","16.00","70"
"24212","2013-05-27","2","16.00","183"
"24434","2013-05-27","9","16.00","75"
"24596","2013-05-28","10","16.00","151"
"24782","2013-05-29","1","16.00","348"
"24922","2013-05-30","9","16.00","106"
"25682","2013-06-03","6","16.00","144"
"25734","2013-06-03","8","16.00","205"
"25942","2013-06-04","1","16.00","387"
"26255","2013-06-05","6","16.00","396"
"26401","2013-06-06","6","16.00","376"
"26801","2013-06-07","10","16.00","305"
"26691","2013-06-07","3","16.00","348"
"26965","2013-06-10","10","16.00","3"
"27388","2013-06-12","8","16.00","19"
"27481","2013-06-12","5","16.00","324"
"27588","2013-06-13","7","16.00","314"
"27638","2013-06-13","3","16.00","267"
"27959","2013-06-15","4","16.00","138"
"28208","2013-06-18","5","16.00","19"
"29173","2013-06-21","5","16.00","192"
"29485","2013-06-24","3","16.00","355"
"29874","2013-06-26","7","16.00","205"
"29935","2013-06-26","8","16.00","347"
"29907","2013-06-26","10","16.00","212"
"30941","2013-07-01","9","16.00","278"
"30954","2013-07-01","7","16.00","389"
"31696","2013-07-04","7","16.00","251"
"32026","2013-07-06","1","16.00","301"
"33986","2013-07-17","4","16.00","49"
"34223","2013-07-17","6","16.00","10"
"34267","2013-07-18","5","16.00","367"
"34473","2013-07-19","1","16.00","387"
"34738","2013-07-20","7","16.00","283"
"34801","2013-07-20","9","16.00","266"
"34852","2013-07-22","10","16.00","144"
"34944","2013-07-22","1","16.00","270"
"36694","2013-08-01","7","16.00","104"
"36809","2013-08-02","4","16.00","172"
"36945","2013-08-02","4","16.00","333"
"37540","2013-08-06","7","16.00","143"
"38346","2013-08-12","5","16.00","311"
"38588","2013-08-13","7","16.00","350"
"39495","2013-08-20","5","16.00","170"
"39755","2013-08-21","5","16.00","266"
"40473","2013-08-26","5","16.00","323"
"41071","2013-08-29","7","16.00","239"
"41816","2013-09-04","6","16.00","197"
"42291","2013-09-05","7","16.00","325"
"42395","2013-09-06","5","16.00","207"
"42851","2013-09-10","10","16.00","399"
"43581","2013-09-13","3","16.00","197"
"44170","2013-09-17","2","16.00","37"
"44506","2013-09-18","5","16.00","26"
"44920","2013-09-20","9","16.00","158"
"45165","2013-09-23","9","16.00","96"
"45947","2013-09-26","5","16.00","165"
"45963","2013-09-26","6","16.00","283"
"46343","2013-09-28","5","16.00","139"
"46454","2013-09-30","7","16.00","21"
"47426","2013-10-07","8","16.00","360"
"47680","2013-10-08","7","16.00","55"
"47854","2013-10-09","3","16.00","23"
"47941","2013-10-10","3","16.00","237"
"48420","2013-10-12","2","16.00","220"
"48511","2013-10-14","6","16.00","2"
"49486","2013-10-19","1","16.00","19"
"49883","2013-10-22","4","16.00","163"
"49977","2013-10-22","8","16.00","230"
"50490","2013-10-25","8","16.00","63"
"51137","2013-10-29","9","16.00","266"
"51320","2013-10-30","6","16.00","303"
"51337","2013-10-30","4","16.00","252"
"51902","2013-11-02","3","16.00","390"
"51926","2013-11-02","9","16.00","217"
"52468","2013-11-06","3","16.00","253"
"53098","2013-11-11","2","16.00","290"
"53342","2013-11-12","1","16.00","240"
"54695","2013-11-19","6","16.00","37"
"55270","2013-11-21","4","16.00","315"
"55524","2013-11-25","5","16.00","363"
"56519","2013-11-29","2","16.00","156"
"57213","2013-12-03","7","16.00","363"
"58568","2013-12-12","9","16.00","92"
"58588","2013-12-12","4","16.00","277"
"58813","2013-12-14","6","16.00","189"
"58864","2013-12-16","8","16.00","160"
"59051","2013-12-17","1","16.00","144"
"59561","2013-12-19","9","16.00","350"
"60141","2013-12-23","1","16.00","135"
"60692","2013-12-26","10","16.00","158"
"60806","2013-12-27","5","16.00","215"
"283","2013-01-02","3","16.00","209"
"547","2013-01-04","2","16.00","130"
"693","2013-01-05","1","16.00","80"
"890","2013-01-07","5","16.00","292"
"1144","2013-01-08","9","16.00","26"
"1399","2013-01-09","2","16.00","111"
"1765","2013-01-11","3","16.00","204"
"1930","2013-01-11","9","16.00","207"
"2204","2013-01-14","6","16.00","393"
"2521","2013-01-15","5","16.00","75"
"2648","2013-01-16","2","16.00","338"
"3120","2013-01-18","2","16.00","274"
"4765","2013-01-29","9","16.00","208"
"5537","2013-02-02","3","16.00","141"
"5792","2013-02-04","1","16.00","100"
"6431","2013-02-09","9","16.00","146"
"6700","2013-02-11","7","16.00","316"
"6810","2013-02-11","9","16.00","88"
"6903","2013-02-12","3","16.00","188"
"6912","2013-02-12","5","16.00","97"
"7410","2013-02-16","4","16.00","347"
"7917","2013-02-20","7","16.00","280"
"8556","2013-02-25","3","16.00","372"
"8833","2013-02-27","1","16.00","242"
"8848","2013-02-27","5","16.00","149"
"9377","2013-03-02","4","16.00","106"
"9787","2013-03-05","6","16.00","382"
"10045","2013-03-06","1","16.00","161"
"10318","2013-03-07","1","16.00","168"
"10604","2013-03-08","8","16.00","168"
"12260","2013-03-18","2","16.00","363"
"12473","2013-03-19","9","16.00","382"
"12636","2013-03-20","5","16.00","245"
"12692","2013-03-20","4","16.00","41"
"12705","2013-03-20","8","16.00","48"
"12788","2013-03-20","10","16.00","385"
"13161","2013-03-22","7","16.00","356"
"13296","2013-03-22","6","16.00","400"
"13507","2013-03-25","1","16.00","245"
"13682","2013-03-26","4","16.00","60"
"13774","2013-03-26","4","16.00","68"
"13777","2013-03-26","8","16.00","1"
"14042","2013-03-27","3","16.00","152"
"13987","2013-03-27","6","16.00","66"
"14092","2013-03-27","10","16.00","53"
"14743","2013-04-02","9","16.00","14"
"14842","2013-04-02","2","16.00","82"
"15023","2013-04-03","7","16.00","189"
"15102","2013-04-04","3","16.00","23"
"15360","2013-04-05","8","16.00","91"
"15711","2013-04-08","6","16.00","258"
"15738","2013-04-08","6","16.00","212"
"16014","2013-04-10","10","16.00","322"
"16383","2013-04-11","4","16.00","399"
"16629","2013-04-12","5","16.00","387"
"16566","2013-04-12","6","16.00","35"
"16841","2013-04-15","1","16.00","72"
"17694","2013-04-18","3","16.00","248"
"17988","2013-04-20","3","16.00","40"
"18111","2013-04-20","8","16.00","313"
"18685","2013-04-24","6","16.00","302"
"19082","2013-04-26","3","16.00","380"
"19159","2013-04-27","9","16.00","321"
"19352","2013-04-29","4","16.00","203"
"19490","2013-04-30","2","16.00","23"
"20723","2013-05-06","9","16.00","206"
"21402","2013-05-09","2","16.00","386"
"21672","2013-05-10","1","16.00","57"
"21740","2013-05-10","10","16.00","351"
"21839","2013-05-11","1","16.00","146"
"22435","2013-05-15","1","16.00","239"
"22481","2013-05-15","6","16.00","42"
"22602","2013-05-16","1","16.00","316"
"22841","2013-05-17","7","16.00","175"
"23892","2013-05-23","6","16.00","198"
"23971","2013-05-24","2","16.00","183"
"24031","2013-05-24","4","16.00","324"
"24431","2013-05-27","6","16.00","352"
"24385","2013-05-27","6","16.00","232"
"24316","2013-05-27","9","16.00","300"
"25442","2013-06-01","10","16.00","286"
"25639","2013-06-03","10","16.00","266"
"25878","2013-06-04","1","16.00","395"
"25845","2013-06-04","2","16.00","102"
"26147","2013-06-05","1","16.00","181"
"26462","2013-06-06","7","16.00","140"
"27952","2013-06-15","10","16.00","352"
"27991","2013-06-15","7","16.00","378"
"28507","2013-06-19","3","16.00","401"
"29234","2013-06-21","9","16.00","313"
"29544","2013-06-25","10","16.00","3"
"29640","2013-06-25","3","16.00","48"
"29988","2013-06-26","1","16.00","81"
"29996","2013-06-26","3","16.00","165"
"30260","2013-06-27","3","16.00","125"
"30297","2013-06-28","2","16.00","257"
"31242","2013-07-02","7","16.00","249"
"31675","2013-07-04","6","16.00","371"
"31517","2013-07-04","2","16.00","226"
"32099","2013-07-08","2","16.00","38"
"33224","2013-07-12","8","16.00","191"
"34015","2013-07-17","1","16.00","75"
"34325","2013-07-18","3","16.00","166"
"34341","2013-07-18","1","16.00","88"
"35508","2013-07-24","8","16.00","49"
"36001","2013-07-27","1","16.00","105"
"36020","2013-07-27","10","16.00","277"
"36661","2013-08-01","10","16.00","98"
"36697","2013-08-01","5","16.00","104"
"37017","2013-08-03","9","16.00","273"
"37204","2013-08-05","7","16.00","118"
"37623","2013-08-06","1","16.00","224"
"37917","2013-08-08","2","16.00","97"
"38199","2013-08-10","10","16.00","26"
"39746","2013-08-21","4","16.00","312"
"40109","2013-08-22","5","16.00","6"
"40602","2013-08-27","9","16.00","179"
"40806","2013-08-28","4","16.00","159"
"40837","2013-08-28","4","16.00","281"
"41526","2013-09-02","7","16.00","363"
"41877","2013-09-04","7","16.00","118"
"42165","2013-09-05","6","16.00","398"
"43167","2013-09-11","5","16.00","307"
"44666","2013-09-19","7","16.00","219"
"44887","2013-09-20","7","16.00","224"
"44989","2013-09-21","4","16.00","163"
"46197","2013-09-27","6","16.00","350"
"46680","2013-10-01","5","16.00","71"
"46935","2013-10-02","5","16.00","143"
"47384","2013-10-07","6","16.00","50"
"47714","2013-10-08","3","16.00","32"
"47775","2013-10-09","3","16.00","229"
"48578","2013-10-14","9","16.00","47"
"49057","2013-10-16","6","16.00","318"
"49540","2013-10-21","2","16.00","120"
"49838","2013-10-22","8","16.00","70"
"49842","2013-10-22","2","16.00","126"
"50330","2013-10-24","1","16.00","288"
"50583","2013-10-25","3","16.00","139"
"50552","2013-10-25","2","16.00","256"
"50827","2013-10-28","8","16.00","134"
"51097","2013-10-29","8","16.00","115"
"51864","2013-11-01","8","16.00","307"
"52384","2013-11-06","3","16.00","65"
"52406","2013-11-06","6","16.00","95"
"53338","2013-11-12","9","16.00","199"
"53716","2013-11-14","6","16.00","206"
"53886","2013-11-15","10","16.00","329"
"55158","2013-11-21","8","16.00","321"
"55267","2013-11-21","7","16.00","88"
"55180","2013-11-21","5","16.00","92"
"55336","2013-11-22","2","16.00","58"
"55536","2013-11-25","3","16.00","324"
"55746","2013-11-26","1","16.00","20"
"55895","2013-11-26","5","16.00","211"
"55995","2013-11-26","4","16.00","395"
"56094","2013-11-27","6","16.00","32"
"56422","2013-11-28","7","16.00","79"
"56645","2013-11-30","2","16.00","46"
"56848","2013-12-02","2","16.00","30"
"57037","2013-12-03","8","16.00","196"
"57206","2013-12-03","8","16.00","399"
"58015","2013-12-09","8","16.00","250"
"58314","2013-12-10","5","16.00","258"
"58501","2013-12-11","2","16.00","52"
"58830","2013-12-14","6","16.00","262"
"58875","2013-12-16","6","16.00","360"
"59671","2013-12-19","6","16.00","284"
"59542","2013-12-19","4","16.00","396"
"60050","2013-12-23","7","16.00","390"
"61529","2013-12-31","3","16.00","127"
"700","2013-01-05","9","240.00","216"
"785","2013-01-05","7","240.00","172"
"1263","2013-01-09","2","240.00","292"
"1359","2013-01-09","4","240.00","117"
"1997","2013-01-12","5","240.00","174"
"2026","2013-01-12","1","240.00","335"
"2424","2013-01-15","5","240.00","191"
"2612","2013-01-16","10","240.00","74"
"3093","2013-01-18","7","240.00","238"
"3157","2013-01-18","3","240.00","188"
"3222","2013-01-19","4","240.00","356"
"3405","2013-01-22","2","240.00","328"
"3508","2013-01-22","7","240.00","72"
"4356","2013-01-28","3","240.00","239"
"4515","2013-01-29","5","240.00","134"
"4756","2013-01-29","1","240.00","366"
"5668","2013-02-04","4","240.00","398"
"5891","2013-02-05","8","240.00","47"
"6015","2013-02-06","3","240.00","71"
"6920","2013-02-12","6","240.00","389"
"6935","2013-02-13","2","240.00","107"
"7090","2013-02-14","7","240.00","72"
"8037","2013-02-20","1","240.00","389"
"8158","2013-02-21","5","240.00","47"
"8673","2013-02-26","6","240.00","146"
"8845","2013-02-27","3","240.00","149"
"9268","2013-03-01","6","240.00","283"
"9148","2013-03-01","2","240.00","178"
"9464","2013-03-04","10","240.00","354"
"10187","2013-03-07","8","240.00","247"
"10470","2013-03-08","1","240.00","236"
"11151","2013-03-12","6","240.00","339"
"11662","2013-03-14","10","240.00","332"
"12186","2013-03-18","4","240.00","383"
"12224","2013-03-18","6","240.00","361"
"12778","2013-03-20","3","240.00","117"
"12828","2013-03-20","6","240.00","253"
"12941","2013-03-21","10","240.00","297"
"12999","2013-03-21","10","240.00","81"
"13824","2013-03-27","7","240.00","232"
"15177","2013-04-04","3","240.00","266"
"15690","2013-04-08","3","240.00","201"
"15932","2013-04-09","1","240.00","21"
"16734","2013-04-13","6","240.00","126"
"18422","2013-04-23","2","240.00","232"
"18468","2013-04-23","9","240.00","212"
"18557","2013-04-23","5","240.00","379"
"19267","2013-04-27","4","240.00","61"
"20031","2013-05-02","10","240.00","116"
"20370","2013-05-04","8","240.00","271"
"20581","2013-05-06","10","240.00","71"
"20536","2013-05-06","1","240.00","244"
"21372","2013-05-09","1","240.00","314"
"21840","2013-05-11","4","240.00","146"
"22714","2013-05-16","4","240.00","209"
"22983","2013-05-18","6","240.00","356"
"23247","2013-05-20","3","240.00","33"
"23402","2013-05-21","6","240.00","136"
"23609","2013-05-22","1","240.00","370"
"24637","2013-05-28","8","240.00","331"
"25049","2013-05-30","5","240.00","230"
"26745","2013-06-07","5","240.00","305"
"26765","2013-06-07","9","240.00","236"
"27449","2013-06-12","1","240.00","220"
"27779","2013-06-14","9","240.00","235"
"28308","2013-06-18","10","240.00","86"
"28283","2013-06-18","8","240.00","370"
"29260","2013-06-22","3","240.00","359"
"29645","2013-06-25","9","240.00","267"
"29679","2013-06-25","1","240.00","29"
"30102","2013-06-27","1","240.00","53"
"30326","2013-06-28","8","240.00","275"
"30627","2013-06-29","6","240.00","20"
"31138","2013-07-02","3","240.00","106"
"31850","2013-07-05","3","240.00","44"
"32319","2013-07-09","2","240.00","126"
"32775","2013-07-10","1","240.00","206"
"32962","2013-07-11","3","240.00","317"
"32879","2013-07-11","10","240.00","350"
"34369","2013-07-18","1","240.00","142"
"34680","2013-07-19","7","240.00","10"
"36758","2013-08-02","10","240.00","292"
"37501","2013-08-06","3","240.00","96"
"37677","2013-08-07","8","240.00","27"
"37911","2013-08-08","5","240.00","385"
"38099","2013-08-09","1","240.00","336"
"38227","2013-08-10","3","240.00","371"
"38964","2013-08-14","8","240.00","282"
"39236","2013-08-17","6","240.00","186"
"39874","2013-08-21","7","240.00","215"
"40067","2013-08-22","5","240.00","51"
"40504","2013-08-26","5","240.00","211"
"40687","2013-08-27","3","240.00","317"
"41669","2013-09-03","7","240.00","373"
"41869","2013-09-04","5","240.00","204"
"41994","2013-09-04","6","240.00","251"
"42396","2013-09-06","10","240.00","172"
"42562","2013-09-07","2","240.00","54"
"42594","2013-09-09","7","240.00","71"
"42735","2013-09-09","10","240.00","214"
"42630","2013-09-09","10","240.00","64"
"43190","2013-09-11","8","240.00","203"
"43685","2013-09-14","10","240.00","104"
"44698","2013-09-19","3","240.00","296"
"44903","2013-09-20","1","240.00","17"
"45399","2013-09-24","4","240.00","263"
"45744","2013-09-25","10","240.00","288"
"45785","2013-09-25","2","240.00","103"
"45881","2013-09-25","8","240.00","286"
"46110","2013-09-27","10","240.00","240"
"46139","2013-09-27","5","240.00","300"
"46182","2013-09-27","8","240.00","347"
"46239","2013-09-27","4","240.00","248"
"46368","2013-09-28","9","240.00","11"
"46588","2013-10-01","7","240.00","364"
"46679","2013-10-01","4","240.00","381"
"47130","2013-10-04","1","240.00","248"
"47579","2013-10-08","1","240.00","133"
"47677","2013-10-08","3","240.00","147"
"47889","2013-10-09","8","240.00","13"
"47952","2013-10-10","9","240.00","179"
"48079","2013-10-10","10","240.00","284"
"48093","2013-10-10","9","240.00","71"
"48801","2013-10-15","3","240.00","281"
"49447","2013-10-19","4","240.00","165"
"49701","2013-10-21","2","240.00","365"
"49876","2013-10-22","10","240.00","58"
"50382","2013-10-24","10","240.00","348"
"50225","2013-10-24","10","240.00","311"
"50813","2013-10-26","8","240.00","222"
"51057","2013-10-28","3","240.00","22"
"52389","2013-11-06","3","240.00","169"
"52461","2013-11-06","4","240.00","57"
"52667","2013-11-07","4","240.00","381"
"52900","2013-11-08","9","240.00","250"
"53160","2013-11-11","9","240.00","12"
"53475","2013-11-13","3","240.00","213"
"53747","2013-11-14","3","240.00","229"
"54299","2013-11-18","6","240.00","284"
"55642","2013-11-25","8","240.00","324"
"56224","2013-11-28","1","240.00","370"
"56267","2013-11-28","10","240.00","135"
"56777","2013-12-02","8","240.00","141"
"57275","2013-12-04","8","240.00","249"
"57371","2013-12-04","3","240.00","21"
"57567","2013-12-05","7","240.00","118"
"57931","2013-12-07","7","240.00","254"
"57995","2013-12-09","5","240.00","395"
"58678","2013-12-13","4","240.00","311"
"58711","2013-12-13","2","240.00","13"
"59708","2013-12-20","9","240.00","318"
"59711","2013-12-20","1","240.00","301"
"60519","2013-12-25","2","240.00","261"
"60551","2013-12-25","6","240.00","285"
"60735","2013-12-26","8","240.00","38"
"60958","2013-12-27","7","240.00","400"
"61132","2013-12-28","2","240.00","288"
"61214","2013-12-30","6","240.00","301"
"61580","2013-12-31","8","240.00","171"
"673","2013-01-05","9","240.00","102"
"1045","2013-01-07","3","240.00","99"
"1592","2013-01-10","10","240.00","163"
"1727","2013-01-11","6","240.00","282"
"2451","2013-01-15","4","240.00","167"
"2681","2013-01-16","10","240.00","220"
"2801","2013-01-17","7","240.00","290"
"4367","2013-01-28","1","240.00","163"
"4414","2013-01-28","8","240.00","12"
"4527","2013-01-29","6","240.00","25"
"4693","2013-01-29","7","240.00","362"
"5458","2013-02-01","10","240.00","106"
"6726","2013-02-11","2","240.00","44"
"6646","2013-02-11","3","240.00","204"
"7067","2013-02-14","1","240.00","141"
"7196","2013-02-14","5","240.00","351"
"7331","2013-02-15","1","240.00","279"
"8832","2013-02-27","2","240.00","222"
"8909","2013-02-28","6","240.00","313"
"8989","2013-02-28","9","240.00","210"
"9206","2013-03-01","10","240.00","122"
"9176","2013-03-01","9","240.00","397"
"9353","2013-03-02","1","240.00","303"
"9580","2013-03-04","9","240.00","375"
"9654","2013-03-04","3","240.00","122"
"9857","2013-03-06","5","240.00","54"
"9974","2013-03-06","5","240.00","343"
"10123","2013-03-06","3","240.00","338"
"10554","2013-03-08","10","240.00","129"
"10982","2013-03-11","1","240.00","21"
"11686","2013-03-14","10","240.00","219"
"12027","2013-03-15","10","240.00","388"
"11961","2013-03-15","8","240.00","116"
"12212","2013-03-18","4","240.00","333"
"12341","2013-03-19","1","240.00","161"
"13350","2013-03-23","10","240.00","44"
"13582","2013-03-25","8","240.00","177"
"14622","2013-04-01","10","240.00","16"
"14764","2013-04-02","1","240.00","78"
"14961","2013-04-03","4","240.00","364"
"15142","2013-04-04","2","240.00","53"
"15231","2013-04-04","4","240.00","394"
"15554","2013-04-05","9","240.00","182"
"16153","2013-04-10","1","240.00","30"
"16564","2013-04-12","4","240.00","82"
"16618","2013-04-12","4","240.00","317"
"17253","2013-04-17","7","240.00","258"
"17725","2013-04-19","1","240.00","99"
"18488","2013-04-23","2","240.00","21"
"18995","2013-04-26","5","240.00","312"
"19232","2013-04-27","8","240.00","247"
"20471","2013-05-04","5","240.00","69"
"21162","2013-05-08","8","240.00","37"
"21588","2013-05-10","9","240.00","182"
"21955","2013-05-13","5","240.00","177"
"22341","2013-05-14","3","240.00","7"
"22512","2013-05-15","3","240.00","170"
"23042","2013-05-18","6","240.00","89"
"23089","2013-05-20","9","240.00","69"
"23316","2013-05-20","7","240.00","390"
"23267","2013-05-20","9","240.00","145"
"23608","2013-05-22","3","240.00","370"
"25440","2013-06-01","3","240.00","286"
"26070","2013-06-05","9","240.00","26"
"26270","2013-06-05","10","240.00","1"
"26174","2013-06-05","10","240.00","96"
"26183","2013-06-05","1","240.00","235"
"26855","2013-06-08","8","240.00","255"
"28801","2013-06-20","1","240.00","40"
"28820","2013-06-20","9","240.00","18"
"29741","2013-06-25","6","240.00","252"
"29625","2013-06-25","1","240.00","119"
"30432","2013-06-28","1","240.00","121"
"30464","2013-06-28","8","240.00","143"
"30787","2013-07-01","9","240.00","52"
"31092","2013-07-02","9","240.00","131"
"31122","2013-07-02","4","240.00","221"
"31826","2013-07-05","7","240.00","21"
"32351","2013-07-09","9","240.00","251"
"32609","2013-07-10","7","240.00","71"
"32744","2013-07-10","9","240.00","283"
"33391","2013-07-15","8","240.00","315"
"33404","2013-07-15","6","240.00","123"
"33935","2013-07-16","7","240.00","282"
"33905","2013-07-16","4","240.00","280"
"33710","2013-07-16","7","240.00","234"
"34715","2013-07-20","1","240.00","226"
"35323","2013-07-24","6","240.00","166"
"35940","2013-07-27","6","240.00","148"
"36678","2013-08-01","3","240.00","45"
"36793","2013-08-02","4","240.00","319"
"38825","2013-08-14","5","240.00","390"
"39282","2013-08-17","9","240.00","350"
"39912","2013-08-21","1","240.00","399"
"40191","2013-08-23","10","240.00","398"
"40475","2013-08-26","7","240.00","323"
"40766","2013-08-28","2","240.00","35"
"40853","2013-08-28","6","240.00","115"
"41057","2013-08-29","5","240.00","230"
"41285","2013-08-30","8","240.00","21"
"41875","2013-09-04","3","240.00","281"
"41922","2013-09-04","3","240.00","336"
"42093","2013-09-05","7","240.00","177"
"42440","2013-09-06","7","240.00","276"
"42537","2013-09-07","2","240.00","74"
"42807","2013-09-10","9","240.00","220"
"43070","2013-09-11","6","240.00","364"
"44923","2013-09-20","8","240.00","270"
"44996","2013-09-21","10","240.00","112"
"45048","2013-09-23","9","240.00","139"
"45952","2013-09-26","9","240.00","38"
"46519","2013-09-30","5","240.00","339"
"46547","2013-09-30","3","240.00","346"
"46661","2013-10-01","3","240.00","33"
"46916","2013-10-02","4","240.00","181"
"47890","2013-10-09","2","240.00","180"
"48076","2013-10-10","6","240.00","39"
"48086","2013-10-10","4","240.00","8"
"48392","2013-10-12","6","240.00","87"
"48625","2013-10-14","3","240.00","396"
"49286","2013-10-18","8","240.00","170"
"50619","2013-10-25","10","240.00","246"
"51152","2013-10-29","3","240.00","145"
"51941","2013-11-02","1","240.00","21"
"52015","2013-11-04","1","240.00","261"
"52388","2013-11-06","1","240.00","169"
"52617","2013-11-07","6","240.00","368"
"52818","2013-11-08","7","240.00","79"
"53273","2013-11-12","5","240.00","313"
"53704","2013-11-14","10","240.00","225"
"54470","2013-11-18","1","240.00","201"
"54258","2013-11-18","9","240.00","107"
"54982","2013-11-20","10","240.00","248"
"55096","2013-11-21","1","240.00","200"
"55689","2013-11-25","8","240.00","211"
"56310","2013-11-28","10","240.00","156"
"56317","2013-11-28","4","240.00","163"
"56595","2013-11-29","4","240.00","183"
"56703","2013-12-02","6","240.00","315"
"57370","2013-12-04","6","240.00","21"
"57855","2013-12-06","4","240.00","73"
"58340","2013-12-10","8","240.00","120"
"58447","2013-12-11","3","240.00","40"
"58937","2013-12-16","8","240.00","206"
"59104","2013-12-17","3","240.00","340"
"59216","2013-12-17","9","240.00","76"
"59243","2013-12-17","9","240.00","127"
"59770","2013-12-20","5","240.00","340"
"60116","2013-12-23","1","240.00","348"
"60393","2013-12-24","6","240.00","289"
"60442","2013-12-25","2","240.00","171"
"60978","2013-12-27","3","240.00","367"
"60933","2013-12-27","9","240.00","155"
"61505","2013-12-31","8","240.00","46"
"1104","2013-01-07","84","5.00","124"
"1107","2013-01-07","48","5.00","259"
"1108","2013-01-07","108","5.00","276"
"1244","2013-01-09","96","5.00","347"
"1633","2013-01-10","120","5.00","300"
"2370","2013-01-15","24","5.00","272"
"2800","2013-01-17","24","5.00","290"
"2807","2013-01-17","72","5.00","262"
"2892","2013-01-17","72","5.00","254"
"3075","2013-01-18","48","5.00","76"
"3349","2013-01-21","96","5.00","100"
"3914","2013-01-25","96","5.00","133"
"4071","2013-01-25","120","5.00","316"
"4239","2013-01-26","12","5.00","63"
"4403","2013-01-28","72","5.00","244"
"4583","2013-01-29","96","5.00","31"
"4860","2013-01-30","120","5.00","289"
"5048","2013-01-31","48","5.00","227"
"5513","2013-02-01","48","5.00","42"
"5647","2013-02-04","84","5.00","263"
"5757","2013-02-04","24","5.00","231"
"5978","2013-02-06","84","5.00","136"
"6472","2013-02-09","120","5.00","328"
"6986","2013-02-13","12","5.00","390"
"7089","2013-02-14","12","5.00","72"
"7460","2013-02-16","96","5.00","5"
"8515","2013-02-25","84","5.00","142"
"8542","2013-02-25","120","5.00","397"
"8858","2013-02-27","36","5.00","118"
"8969","2013-02-28","120","5.00","30"
"9507","2013-03-04","96","5.00","259"
"9453","2013-03-04","108","5.00","278"
"9637","2013-03-04","72","5.00","280"
"9862","2013-03-06","96","5.00","15"
"10059","2013-03-06","24","5.00","209"
"10243","2013-03-07","72","5.00","71"
"11041","2013-03-12","108","5.00","391"
"11298","2013-03-12","96","5.00","51"
"11767","2013-03-14","72","5.00","174"
"12038","2013-03-15","24","5.00","86"
"12829","2013-03-20","12","5.00","253"
"12869","2013-03-21","84","5.00","108"
"13063","2013-03-21","120","5.00","327"
"13124","2013-03-21","96","5.00","318"
"13241","2013-03-22","12","5.00","279"
"13301","2013-03-22","12","5.00","206"
"13677","2013-03-26","60","5.00","194"
"15862","2013-04-09","12","5.00","211"
"16905","2013-04-15","24","5.00","20"
"16897","2013-04-15","120","5.00","134"
"17056","2013-04-16","108","5.00","196"
"17254","2013-04-17","60","5.00","258"
"18977","2013-04-26","108","5.00","152"
"19392","2013-04-29","108","5.00","313"
"20572","2013-05-06","36","5.00","48"
"20877","2013-05-07","60","5.00","29"
"20982","2013-05-08","24","5.00","216"
"21384","2013-05-09","96","5.00","248"
"22692","2013-05-16","108","5.00","79"
"23333","2013-05-20","96","5.00","7"
"23513","2013-05-21","36","5.00","74"
"23967","2013-05-24","84","5.00","72"
"23977","2013-05-24","36","5.00","309"
"24941","2013-05-30","120","5.00","42"
"25331","2013-05-31","72","5.00","92"
"25343","2013-05-31","48","5.00","359"
"26599","2013-06-07","12","5.00","5"
"26743","2013-06-07","120","5.00","155"
"26818","2013-06-08","48","5.00","111"
"26881","2013-06-08","60","5.00","342"
"27084","2013-06-10","120","5.00","166"
"27608","2013-06-13","48","5.00","167"
"27655","2013-06-13","36","5.00","49"
"28132","2013-06-17","108","5.00","205"
"28617","2013-06-19","96","5.00","241"
"28623","2013-06-19","72","5.00","193"
"28695","2013-06-19","12","5.00","343"
"29703","2013-06-25","60","5.00","279"
"29827","2013-06-25","120","5.00","195"
"29953","2013-06-26","96","5.00","220"
"32042","2013-07-06","60","5.00","106"
"32448","2013-07-09","48","5.00","256"
"32672","2013-07-10","96","5.00","74"
"32557","2013-07-10","12","5.00","307"
"33550","2013-07-15","84","5.00","43"
"33756","2013-07-16","108","5.00","357"
"33837","2013-07-16","36","5.00","13"
"34101","2013-07-17","96","5.00","228"
"34436","2013-07-18","60","5.00","382"
"35078","2013-07-23","60","5.00","372"
"35263","2013-07-23","96","5.00","292"
"35958","2013-07-27","36","5.00","344"
"36026","2013-07-27","48","5.00","68"
"36784","2013-08-02","108","5.00","381"
"37201","2013-08-05","24","5.00","335"
"37293","2013-08-05","60","5.00","131"
"37400","2013-08-05","60","5.00","324"
"37506","2013-08-06","108","5.00","203"
"37529","2013-08-06","84","5.00","362"
"38108","2013-08-09","24","5.00","280"
"38310","2013-08-12","108","5.00","317"
"38450","2013-08-12","96","5.00","108"
"38406","2013-08-12","108","5.00","285"
"38894","2013-08-14","60","5.00","284"
"38987","2013-08-15","84","5.00","16"
"39371","2013-08-19","48","5.00","385"
"40634","2013-08-27","84","5.00","147"
"41131","2013-08-29","36","5.00","50"
"41215","2013-08-30","12","5.00","72"
"41303","2013-08-30","108","5.00","300"
"41663","2013-09-03","108","5.00","204"
"42328","2013-09-06","84","5.00","204"
"42894","2013-09-10","60","5.00","163"
"42906","2013-09-10","12","5.00","4"
"43690","2013-09-14","120","5.00","38"
"44578","2013-09-19","24","5.00","45"
"44588","2013-09-19","24","5.00","26"
"45257","2013-09-23","48","5.00","386"
"47082","2013-10-03","120","5.00","113"
"47950","2013-10-10","108","5.00","272"
"48246","2013-10-11","48","5.00","79"
"48305","2013-10-11","36","5.00","23"
"48359","2013-10-11","36","5.00","338"
"48706","2013-10-15","120","5.00","224"
"49419","2013-10-19","84","5.00","341"
"49659","2013-10-21","12","5.00","201"
"49873","2013-10-22","48","5.00","234"
"50404","2013-10-25","108","5.00","394"
"50672","2013-10-25","12","5.00","162"
"51464","2013-10-30","120","5.00","327"
"51311","2013-10-30","108","5.00","325"
"51557","2013-10-31","36","5.00","314"
"51886","2013-11-02","60","5.00","260"
"52787","2013-11-08","24","5.00","44"
"52868","2013-11-08","84","5.00","391"
"52972","2013-11-09","24","5.00","367"
"53007","2013-11-09","96","5.00","43"
"53422","2013-11-13","12","5.00","391"
"53753","2013-11-14","12","5.00","327"
"53825","2013-11-14","60","5.00","32"
"54195","2013-11-16","48","5.00","397"
"54573","2013-11-19","84","5.00","307"
"54899","2013-11-20","84","5.00","367"
"55763","2013-11-26","72","5.00","288"
"55988","2013-11-26","72","5.00","182"
"56126","2013-11-27","24","5.00","232"
"57021","2013-12-03","24","5.00","145"
"57608","2013-12-05","48","5.00","265"
"57638","2013-12-05","96","5.00","254"
"57714","2013-12-06","72","5.00","330"
"60203","2013-12-24","48","5.00","397"
"60520","2013-12-25","48","5.00","167"
"60736","2013-12-26","120","5.00","38"
"60758","2013-12-26","96","5.00","99"
"60807","2013-12-27","24","5.00","215"
"61253","2013-12-30","60","5.00","203"
"61540","2013-12-31","24","5.00","247"
"147","2013-01-01","108","5.00","232"
"290","2013-01-02","84","5.00","181"
"622","2013-01-04","84","5.00","399"
"763","2013-01-05","60","5.00","107"
"805","2013-01-07","84","5.00","254"
"1482","2013-01-10","36","5.00","115"
"1554","2013-01-10","24","5.00","242"
"1973","2013-01-12","72","5.00","247"
"2115","2013-01-14","120","5.00","111"
"2719","2013-01-16","48","5.00","375"
"3118","2013-01-18","24","5.00","391"
"3511","2013-01-22","48","5.00","284"
"3577","2013-01-23","72","5.00","55"
"3665","2013-01-23","36","5.00","76"
"4055","2013-01-25","108","5.00","314"
"4132","2013-01-25","84","5.00","23"
"4424","2013-01-28","108","5.00","42"
"4714","2013-01-29","96","5.00","129"
"4931","2013-01-30","60","5.00","182"
"5050","2013-01-31","96","5.00","227"
"5392","2013-02-01","72","5.00","152"
"5548","2013-02-02","108","5.00","27"
"5872","2013-02-05","48","5.00","145"
"6829","2013-02-12","24","5.00","113"
"7112","2013-02-14","96","5.00","86"
"7251","2013-02-15","12","5.00","370"
"7449","2013-02-16","84","5.00","48"
"8388","2013-02-23","84","5.00","285"
"9183","2013-03-01","36","5.00","90"
"10744","2013-03-09","36","5.00","18"
"11400","2013-03-13","84","5.00","156"
"11419","2013-03-13","48","5.00","207"
"11518","2013-03-14","84","5.00","347"
"12168","2013-03-16","84","5.00","311"
"12225","2013-03-18","24","5.00","361"
"13061","2013-03-21","12","5.00","89"
"14007","2013-03-27","108","5.00","282"
"14661","2013-04-01","36","5.00","15"
"14535","2013-04-01","84","5.00","162"
"15585","2013-04-05","36","5.00","234"
"15528","2013-04-05","120","5.00","7"
"15695","2013-04-08","12","5.00","101"
"15984","2013-04-09","72","5.00","165"
"16202","2013-04-10","60","5.00","123"
"16367","2013-04-11","84","5.00","314"
"16471","2013-04-12","108","5.00","338"
"16967","2013-04-16","96","5.00","150"
"17108","2013-04-16","12","5.00","222"
"17005","2013-04-16","96","5.00","132"
"18241","2013-04-22","96","5.00","322"
"18498","2013-04-23","72","5.00","245"
"19382","2013-04-29","24","5.00","188"
"19780","2013-05-01","60","5.00","127"
"19966","2013-05-02","36","5.00","100"
"20853","2013-05-07","96","5.00","11"
"20996","2013-05-08","72","5.00","231"
"21175","2013-05-08","120","5.00","401"
"21349","2013-05-09","60","5.00","198"
"21363","2013-05-09","48","5.00","53"
"21561","2013-05-10","72","5.00","294"
"22495","2013-05-15","84","5.00","135"
"22749","2013-05-17","108","5.00","58"
"22972","2013-05-18","12","5.00","28"
"23061","2013-05-18","60","5.00","192"
"23455","2013-05-21","24","5.00","243"
"23869","2013-05-23","96","5.00","402"
"23949","2013-05-24","12","5.00","402"
"24566","2013-05-28","108","5.00","319"
"25194","2013-05-31","96","5.00","198"
"25660","2013-06-03","84","5.00","107"
"25704","2013-06-03","120","5.00","43"
"25796","2013-06-04","60","5.00","33"
"25885","2013-06-04","36","5.00","27"
"26492","2013-06-06","84","5.00","181"
"26601","2013-06-07","60","5.00","349"
"26648","2013-06-07","48","5.00","199"
"27120","2013-06-10","84","5.00","146"
"27225","2013-06-11","48","5.00","6"
"27312","2013-06-11","24","5.00","127"
"28100","2013-06-17","120","5.00","301"
"28253","2013-06-18","84","5.00","296"
"28548","2013-06-19","36","5.00","99"
"28872","2013-06-20","120","5.00","332"
"29066","2013-06-21","108","5.00","309"
"29872","2013-06-26","60","5.00","205"
"29991","2013-06-26","36","5.00","19"
"29921","2013-06-26","72","5.00","103"
"30074","2013-06-27","24","5.00","106"
"30718","2013-06-29","24","5.00","82"
"31354","2013-07-03","120","5.00","219"
"31410","2013-07-03","36","5.00","176"
"31902","2013-07-05","48","5.00","340"
"32070","2013-07-06","72","5.00","97"
"32574","2013-07-10","36","5.00","230"
"32734","2013-07-10","24","5.00","241"
"32919","2013-07-11","72","5.00","166"
"32922","2013-07-11","48","5.00","121"
"33212","2013-07-12","48","5.00","149"
"34100","2013-07-17","120","5.00","228"
"34124","2013-07-17","84","5.00","270"
"34645","2013-07-19","48","5.00","398"
"34829","2013-07-20","48","5.00","380"
"34929","2013-07-22","12","5.00","196"
"35005","2013-07-23","120","5.00","316"
"35736","2013-07-25","24","5.00","346"
"35747","2013-07-25","108","5.00","4"
"35867","2013-07-26","60","5.00","352"
"36652","2013-08-01","108","5.00","391"
"36783","2013-08-02","96","5.00","381"
"37439","2013-08-05","24","5.00","101"
"37674","2013-08-07","72","5.00","27"
"37748","2013-08-07","24","5.00","317"
"37913","2013-08-08","12","5.00","230"
"37942","2013-08-08","12","5.00","252"
"38438","2013-08-12","12","5.00","338"
"38670","2013-08-13","60","5.00","129"
"39280","2013-08-17","96","5.00","350"
"40948","2013-08-28","72","5.00","381"
"41775","2013-09-03","108","5.00","7"
"42486","2013-09-06","60","5.00","154"
"42648","2013-09-09","108","5.00","302"
"42939","2013-09-10","36","5.00","226"
"43343","2013-09-12","60","5.00","333"
"43534","2013-09-13","24","5.00","386"
"43603","2013-09-14","60","5.00","111"
"43883","2013-09-16","84","5.00","332"
"43996","2013-09-16","60","5.00","44"
"44192","2013-09-17","108","5.00","91"
"44438","2013-09-18","120","5.00","250"
"44636","2013-09-19","48","5.00","197"
"45251","2013-09-23","120","5.00","269"
"45216","2013-09-23","24","5.00","187"
"45650","2013-09-25","72","5.00","91"
"45725","2013-09-25","84","5.00","384"
"45736","2013-09-25","48","5.00","46"
"45958","2013-09-26","36","5.00","68"
"46401","2013-09-30","48","5.00","16"
"46811","2013-10-01","72","5.00","232"
"46948","2013-10-02","96","5.00","187"
"46899","2013-10-02","12","5.00","269"
"47039","2013-10-03","120","5.00","295"
"47438","2013-10-07","36","5.00","154"
"47472","2013-10-07","72","5.00","368"
"47509","2013-10-07","84","5.00","336"
"47604","2013-10-08","72","5.00","166"
"47620","2013-10-08","84","5.00","165"
"47716","2013-10-08","36","5.00","350"
"47730","2013-10-09","108","5.00","343"
"47784","2013-10-09","48","5.00","145"
"48123","2013-10-10","108","5.00","160"
"48325","2013-10-11","108","5.00","227"
"49972","2013-10-22","12","5.00","44"
"50363","2013-10-24","72","5.00","69"
"50337","2013-10-24","48","5.00","258"
"50789","2013-10-26","96","5.00","65"
"51193","2013-10-29","24","5.00","80"
"52628","2013-11-07","24","5.00","33"
"53615","2013-11-13","108","5.00","92"
"53549","2013-11-13","72","5.00","136"
"53741","2013-11-14","84","5.00","386"
"54369","2013-11-18","60","5.00","387"
"55155","2013-11-21","84","5.00","321"
"55331","2013-11-22","72","5.00","93"
"56311","2013-11-28","108","5.00","110"
"57214","2013-12-03","36","5.00","363"
"57360","2013-12-04","96","5.00","387"
"57899","2013-12-07","72","5.00","133"
"57926","2013-12-07","120","5.00","154"
"58141","2013-12-09","24","5.00","381"
"59227","2013-12-17","108","5.00","279"
"60297","2013-12-24","96","5.00","252"
"60909","2013-12-27","72","5.00","60"
"523","2013-01-03","24","5.00","312"
"589","2013-01-04","108","5.00","348"
"1627","2013-01-10","48","5.00","387"
"1770","2013-01-11","60","5.00","331"
"1883","2013-01-11","48","5.00","303"
"2491","2013-01-15","36","5.00","374"
"3302","2013-01-21","60","5.00","184"
"3596","2013-01-23","84","5.00","231"
"4582","2013-01-29","48","5.00","31"
"5283","2013-02-01","24","5.00","297"
"5854","2013-02-05","24","5.00","356"
"5892","2013-02-05","108","5.00","47"
"6579","2013-02-11","96","5.00","65"
"7531","2013-02-18","84","5.00","25"
"7904","2013-02-20","24","5.00","7"
"7919","2013-02-20","72","5.00","280"
"8057","2013-02-21","36","5.00","6"
"9432","2013-03-04","108","5.00","264"
"9609","2013-03-04","120","5.00","56"
"10132","2013-03-06","24","5.00","178"
"10200","2013-03-07","24","5.00","52"
"10317","2013-03-07","48","5.00","168"
"10986","2013-03-11","84","5.00","355"
"11255","2013-03-12","84","5.00","79"
"11364","2013-03-13","84","5.00","135"
"11632","2013-03-14","84","5.00","121"
"12011","2013-03-15","120","5.00","298"
"12069","2013-03-16","72","5.00","85"
"12165","2013-03-16","60","5.00","242"
"12239","2013-03-18","72","5.00","389"
"12257","2013-03-18","60","5.00","328"
"12890","2013-03-21","12","5.00","392"
"12917","2013-03-21","24","5.00","118"
"14635","2013-04-01","120","5.00","183"
"14524","2013-04-01","96","5.00","335"
"14742","2013-04-02","36","5.00","14"
"15304","2013-04-04","84","5.00","169"
"15307","2013-04-04","84","5.00","241"
"15753","2013-04-08","24","5.00","311"
"15949","2013-04-09","120","5.00","133"
"15962","2013-04-09","12","5.00","221"
"16069","2013-04-10","36","5.00","317"
"16136","2013-04-10","60","5.00","296"
"16561","2013-04-12","84","5.00","82"
"16638","2013-04-12","36","5.00","145"
"16759","2013-04-13","60","5.00","274"
"17437","2013-04-17","12","5.00","327"
"17481","2013-04-17","120","5.00","238"
"17754","2013-04-19","48","5.00","149"
"18785","2013-04-25","36","5.00","355"
"20678","2013-05-06","96","5.00","252"
"21652","2013-05-10","84","5.00","395"
"21725","2013-05-10","108","5.00","138"
"21823","2013-05-11","72","5.00","86"
"21841","2013-05-11","120","5.00","146"
"22090","2013-05-13","12","5.00","76"
"22981","2013-05-18","120","5.00","9"
"23082","2013-05-20","84","5.00","358"
"23294","2013-05-20","24","5.00","371"
"23474","2013-05-21","84","5.00","139"
"24124","2013-05-24","60","5.00","182"
"24199","2013-05-25","48","5.00","245"
"24544","2013-05-28","96","5.00","163"
"25040","2013-05-30","84","5.00","61"
"25742","2013-06-03","96","5.00","92"
"25971","2013-06-04","48","5.00","242"
"25794","2013-06-04","120","5.00","33"
"26078","2013-06-05","36","5.00","276"
"26755","2013-06-07","12","5.00","228"
"27085","2013-06-10","96","5.00","130"
"27900","2013-06-14","48","5.00","385"
"28293","2013-06-18","60","5.00","47"
"28269","2013-06-18","36","5.00","71"
"28866","2013-06-20","12","5.00","55"
"29113","2013-06-21","36","5.00","262"
"29154","2013-06-21","108","5.00","67"
"29490","2013-06-24","36","5.00","215"
"29979","2013-06-26","12","5.00","143"
"30863","2013-07-01","48","5.00","202"
"30917","2013-07-01","120","5.00","250"
"31134","2013-07-02","84","5.00","212"
"31175","2013-07-02","72","5.00","65"
"31426","2013-07-03","72","5.00","152"
"31670","2013-07-04","120","5.00","327"
"31916","2013-07-05","72","5.00","158"
"32620","2013-07-10","60","5.00","151"
"32701","2013-07-10","60","5.00","109"
"33084","2013-07-11","96","5.00","164"
"33191","2013-07-12","60","5.00","383"
"33294","2013-07-13","120","5.00","266"
"33540","2013-07-15","24","5.00","50"
"34393","2013-07-18","12","5.00","325"
"34613","2013-07-19","36","5.00","370"
"34770","2013-07-20","120","5.00","259"
"34870","2013-07-22","24","5.00","49"
"34894","2013-07-22","72","5.00","258"
"35155","2013-07-23","120","5.00","286"
"35138","2013-07-23","36","5.00","13"
"35341","2013-07-24","72","5.00","159"
"35659","2013-07-25","84","5.00","157"
"35959","2013-07-27","120","5.00","344"
"36915","2013-08-02","36","5.00","259"
"36920","2013-08-02","48","5.00","357"
"37257","2013-08-05","36","5.00","232"
"37668","2013-08-07","72","5.00","229"
"39590","2013-08-20","120","5.00","178"
"39937","2013-08-21","108","5.00","329"
"40319","2013-08-24","108","5.00","160"
"41033","2013-08-29","36","5.00","108"
"41045","2013-08-29","36","5.00","30"
"41102","2013-08-29","60","5.00","62"
"41198","2013-08-30","72","5.00","391"
"41499","2013-09-02","48","5.00","4"
"41837","2013-09-04","120","5.00","337"
"42675","2013-09-09","84","5.00","28"
"42796","2013-09-10","72","5.00","358"
"43055","2013-09-10","12","5.00","273"
"43444","2013-09-12","108","5.00","92"
"43600","2013-09-14","96","5.00","374"
"43826","2013-09-16","60","5.00","171"
"43776","2013-09-16","96","5.00","127"
"44778","2013-09-19","48","5.00","117"
"45088","2013-09-23","24","5.00","361"
"45175","2013-09-23","48","5.00","283"
"45213","2013-09-23","120","5.00","16"
"45348","2013-09-24","96","5.00","253"
"45434","2013-09-24","24","5.00","220"
"45773","2013-09-25","12","5.00","262"
"46253","2013-09-27","84","5.00","383"
"46209","2013-09-27","60","5.00","342"
"46517","2013-09-30","96","5.00","339"
"46423","2013-09-30","108","5.00","169"
"46567","2013-10-01","108","5.00","175"
"46592","2013-10-01","120","5.00","384"
"46806","2013-10-01","84","5.00","216"
"46914","2013-10-02","48","5.00","181"
"47581","2013-10-08","96","5.00","133"
"48361","2013-10-11","12","5.00","61"
"48526","2013-10-14","12","5.00","107"
"48872","2013-10-15","60","5.00","234"
"48874","2013-10-15","84","5.00","255"
"49085","2013-10-17","72","5.00","56"
"50563","2013-10-25","84","5.00","389"
"51405","2013-10-30","24","5.00","173"
"52215","2013-11-05","84","5.00","179"
"52370","2013-11-06","96","5.00","40"
"52471","2013-11-06","84","5.00","247"
"52569","2013-11-06","12","5.00","51"
"52720","2013-11-07","24","5.00","98"
"53614","2013-11-13","108","5.00","92"
"53434","2013-11-13","84","5.00","158"
"53988","2013-11-15","84","5.00","156"
"54390","2013-11-18","36","5.00","98"
"54529","2013-11-19","60","5.00","65"
"54637","2013-11-19","96","5.00","332"
"55138","2013-11-21","12","5.00","248"
"55588","2013-11-25","48","5.00","251"
"55916","2013-11-26","24","5.00","127"
"56187","2013-11-28","24","5.00","183"
"56206","2013-11-28","96","5.00","129"
"56709","2013-12-02","60","5.00","4"
"57134","2013-12-03","72","5.00","400"
"57502","2013-12-05","60","5.00","358"
"57524","2013-12-05","48","5.00","241"
"57807","2013-12-06","60","5.00","234"
"57838","2013-12-06","48","5.00","239"
"57918","2013-12-07","48","5.00","44"
"57957","2013-12-07","96","5.00","108"
"58687","2013-12-13","48","5.00","359"
"59512","2013-12-19","84","5.00","44"
"59523","2013-12-19","12","5.00","249"
"59540","2013-12-19","72","5.00","172"
"60643","2013-12-26","24","5.00","333"
"61042","2013-12-27","84","5.00","389"
"61629","2013-12-31","24","5.00","103"
"139","2013-01-01","120","5.00","368"
"157","2013-01-01","84","5.00","216"
"485","2013-01-03","84","5.00","322"
"690","2013-01-05","48","5.00","284"
"1889","2013-01-11","60","5.00","317"
"1899","2013-01-11","60","5.00","106"
"2067","2013-01-14","108","5.00","381"
"2541","2013-01-15","24","5.00","61"
"2547","2013-01-15","72","5.00","241"
"2736","2013-01-17","48","5.00","98"
"2922","2013-01-18","48","5.00","4"
"2970","2013-01-18","12","5.00","386"
"3303","2013-01-21","120","5.00","184"
"3393","2013-01-22","36","5.00","317"
"3576","2013-01-23","36","5.00","55"
"3798","2013-01-24","24","5.00","344"
"3909","2013-01-25","36","5.00","68"
"3937","2013-01-25","96","5.00","394"
"5450","2013-02-01","72","5.00","219"
"5463","2013-02-01","120","5.00","286"
"6701","2013-02-11","84","5.00","316"
"6796","2013-02-11","120","5.00","259"
"6809","2013-02-11","120","5.00","88"
"6898","2013-02-12","120","5.00","28"
"7097","2013-02-14","72","5.00","54"
"7385","2013-02-16","48","5.00","144"
"8865","2013-02-27","60","5.00","298"
"9168","2013-03-01","48","5.00","126"
"9350","2013-03-02","36","5.00","50"
"10214","2013-03-07","96","5.00","284"
"10538","2013-03-08","108","5.00","5"
"10672","2013-03-09","24","5.00","291"
"11168","2013-03-12","84","5.00","379"
"12041","2013-03-15","84","5.00","231"
"12235","2013-03-18","72","5.00","207"
"13221","2013-03-22","120","5.00","167"
"13289","2013-03-22","72","5.00","221"
"13375","2013-03-23","48","5.00","240"
"13396","2013-03-23","84","5.00","197"
"13729","2013-03-26","84","5.00","145"
"13775","2013-03-26","120","5.00","1"
"14405","2013-04-01","24","5.00","307"
"14900","2013-04-03","60","5.00","78"
"15467","2013-04-05","36","5.00","324"
"16723","2013-04-13","12","5.00","349"
"16839","2013-04-15","48","5.00","243"
"16992","2013-04-16","96","5.00","365"
"17063","2013-04-16","24","5.00","242"
"17265","2013-04-17","84","5.00","400"
"17309","2013-04-17","60","5.00","88"
"17614","2013-04-18","84","5.00","377"
"17916","2013-04-19","24","5.00","225"
"18686","2013-04-24","60","5.00","302"
"20052","2013-05-02","36","5.00","176"
"20068","2013-05-02","12","5.00","298"
"20302","2013-05-03","24","5.00","92"
"20355","2013-05-04","12","5.00","339"
"20388","2013-05-04","48","5.00","117"
"20655","2013-05-06","48","5.00","395"
"20608","2013-05-06","12","5.00","130"
"20909","2013-05-07","24","5.00","230"
"21376","2013-05-09","12","5.00","391"
"22196","2013-05-14","36","5.00","124"
"22899","2013-05-17","72","5.00","252"
"22968","2013-05-18","108","5.00","312"
"24081","2013-05-24","120","5.00","61"
"24173","2013-05-25","60","5.00","107"
"24498","2013-05-28","108","5.00","266"
"24692","2013-05-28","120","5.00","386"
"24807","2013-05-29","60","5.00","166"
"25006","2013-05-30","24","5.00","120"
"25288","2013-05-31","84","5.00","16"
"25520","2013-06-03","60","5.00","299"
"25939","2013-06-04","84","5.00","357"
"26516","2013-06-06","60","5.00","277"
"26783","2013-06-07","24","5.00","103"
"26695","2013-06-07","12","5.00","148"
"28015","2013-06-15","108","5.00","155"
"28531","2013-06-19","84","5.00","132"
"28603","2013-06-19","96","5.00","150"
"30267","2013-06-27","48","5.00","362"
"30106","2013-06-27","48","5.00","112"
"30546","2013-06-28","96","5.00","147"
"30609","2013-06-29","108","5.00","321"
"30858","2013-07-01","120","5.00","328"
"30793","2013-07-01","36","5.00","44"
"30898","2013-07-01","60","5.00","18"
"32012","2013-07-06","108","5.00","208"
"32167","2013-07-08","72","5.00","130"
"32436","2013-07-09","36","5.00","335"
"32677","2013-07-10","48","5.00","35"
"33400","2013-07-15","48","5.00","13"
"33494","2013-07-15","36","5.00","35"
"33586","2013-07-15","108","5.00","107"
"33707","2013-07-16","48","5.00","204"
"34103","2013-07-17","72","5.00","228"
"34114","2013-07-17","48","5.00","68"
"34309","2013-07-18","120","5.00","136"
"34424","2013-07-18","84","5.00","299"
"34475","2013-07-19","24","5.00","387"
"34486","2013-07-19","108","5.00","27"
"34636","2013-07-19","84","5.00","292"
"34817","2013-07-20","72","5.00","284"
"35097","2013-07-23","48","5.00","170"
"35865","2013-07-26","120","5.00","352"
"36038","2013-07-29","60","5.00","65"
"37026","2013-08-03","96","5.00","225"
"37040","2013-08-03","72","5.00","366"
"37468","2013-08-06","108","5.00","1"
"37681","2013-08-07","24","5.00","283"
"38174","2013-08-10","36","5.00","8"
"38759","2013-08-14","12","5.00","185"
"38774","2013-08-14","84","5.00","154"
"39063","2013-08-15","48","5.00","368"
"39122","2013-08-16","72","5.00","388"
"39487","2013-08-20","72","5.00","371"
"39687","2013-08-20","48","5.00","121"
"39918","2013-08-21","108","5.00","381"
"39876","2013-08-21","72","5.00","215"
"40204","2013-08-23","96","5.00","342"
"40224","2013-08-23","108","5.00","58"
"40954","2013-08-28","96","5.00","6"
"41275","2013-08-30","60","5.00","160"
"41451","2013-08-31","12","5.00","124"
"41933","2013-09-04","96","5.00","390"
"42250","2013-09-05","48","5.00","177"
"42901","2013-09-10","12","5.00","131"
"43127","2013-09-11","24","5.00","262"
"43341","2013-09-12","108","5.00","36"
"44038","2013-09-17","36","5.00","198"
"44103","2013-09-17","120","5.00","352"
"44175","2013-09-17","108","5.00","19"
"44242","2013-09-18","120","5.00","328"
"44988","2013-09-21","24","5.00","163"
"45350","2013-09-24","108","5.00","181"
"45759","2013-09-25","12","5.00","184"
"45788","2013-09-25","108","5.00","367"
"46222","2013-09-27","108","5.00","231"
"46287","2013-09-28","108","5.00","124"
"46445","2013-09-30","108","5.00","213"
"47001","2013-10-02","96","5.00","248"
"46913","2013-10-02","120","5.00","181"
"47061","2013-10-03","60","5.00","371"
"47302","2013-10-05","36","5.00","215"
"47823","2013-10-09","48","5.00","312"
"47939","2013-10-10","36","5.00","237"
"48005","2013-10-10","72","5.00","300"
"48293","2013-10-11","60","5.00","110"
"48527","2013-10-14","72","5.00","107"
"49133","2013-10-17","120","5.00","90"
"50305","2013-10-24","84","5.00","183"
"50477","2013-10-25","12","5.00","205"
"51017","2013-10-28","96","5.00","51"
"51447","2013-10-30","24","5.00","243"
"51822","2013-11-01","108","5.00","226"
"51896","2013-11-02","60","5.00","365"
"52586","2013-11-06","120","5.00","88"
"53126","2013-11-11","48","5.00","366"
"53970","2013-11-15","12","5.00","247"
"53978","2013-11-15","48","5.00","251"
"54051","2013-11-15","84","5.00","303"
"54238","2013-11-18","36","5.00","142"
"54653","2013-11-19","120","5.00","126"
"54833","2013-11-20","96","5.00","198"
"55387","2013-11-22","84","5.00","337"
"56742","2013-12-02","84","5.00","395"
"57410","2013-12-04","72","5.00","49"
"57445","2013-12-04","24","5.00","20"
"58676","2013-12-13","84","5.00","311"
"58808","2013-12-14","24","5.00","188"
"59201","2013-12-17","48","5.00","236"
"59939","2013-12-21","84","5.00","234"
"59968","2013-12-23","48","5.00","85"
"60235","2013-12-24","60","5.00","118"
"60538","2013-12-25","108","5.00","153"
"60919","2013-12-27","12","5.00","82"
"60942","2013-12-27","60","5.00","112"
"61289","2013-12-30","108","5.00","139"
"61564","2013-12-31","96","5.00","42"
"171","2013-01-02","80","4.30","370"
"226","2013-01-02","80","18.50","86"
"306","2013-01-02","213","2.10","257"
"308","2013-01-02","213","2.90","387"
"323","2013-01-02","40","12.50","140"
"330","2013-01-02","175",".66","34"
"334","2013-01-02","60","4.30","49"
"341","2013-01-03","45","2.40","228"
"355","2013-01-03","30","4.30","231"
"356","2013-01-03","60","20.00","231"
"372","2013-01-03","2","285.00","386"
"383","2013-01-03","7","34.00","36"
"384","2013-01-03","1","240.00","36"
"393","2013-01-03","8","45.00","295"
"398","2013-01-03","213","1.28","199"
"401","2013-01-03","8","34.00","199"
"416","2013-01-03","90","48.00","56"
"432","2013-01-03","25","1.05","290"
"434","2013-01-03","213","2.90","251"
"461","2013-01-03","25","1.05","82"
"462","2013-01-03","1","345.00","355"
"464","2013-01-03","20","4.50","355"
"465","2013-01-03","30","18.50","355"
"468","2013-01-03","70","112.00","14"
"469","2013-01-03","20","20.00","14"
"483","2013-01-03","6","45.00","322"
"490","2013-01-03","150","1.28","324"
"515","2013-01-03","200",".95","364"
"517","2013-01-03","90","24.00","208"
"524","2013-01-03","200",".95","61"
"525","2013-01-03","90","4.50","248"
"531","2013-01-03","40","45.00","131"
"541","2013-01-03","6","240.00","285"
"548","2013-01-04","3","345.00","226"
"565","2013-01-04","5","240.00","302"
"572","2013-01-04","30","105.00","89"
"574","2013-01-04","75",".95","89"
"591","2013-01-04","3","34.00","121"
"594","2013-01-04","30","2.40","126"
"599","2013-01-04","60","48.00","46"
"607","2013-01-04","175","1.28","268"
"616","2013-01-04","80","24.00","307"
"619","2013-01-04","125","2.10","93"
"625","2013-01-04","6","285.00","399"
"680","2013-01-05","175","1.28","335"
"761","2013-01-05","104","2.90","109"
"769","2013-01-05","140","3.50","42"
"770","2013-01-05","175","1.05","42"
"779","2013-01-05","150","2.55","270"
"1113","2013-01-08","70","108.00","222"
"1137","2013-01-08","125","2.04","112"
"1145","2013-01-08","70","20.00","26"
"1148","2013-01-08","208","2.90","164"
"1150","2013-01-08","84","2.70","164"
"1154","2013-01-08","20","2.40","86"
"1190","2013-01-08","35","1.89","313"
"1206","2013-01-08","60","20.00","258"
"1216","2013-01-08","40","29.00","119"
"1218","2013-01-08","175","2.10","119"
"1262","2013-01-09","60","42.00","377"
"1285","2013-01-09","8","285.00","206"
"1286","2013-01-09","90","48.00","206"
"1297","2013-01-09","7","87.00","186"
"1298","2013-01-09","3","285.00","186"
"1299","2013-01-09","3","240.00","227"
"1323","2013-01-09","213","2.90","239"
"1331","2013-01-09","213","2.55","58"
"1349","2013-01-09","15","1.89","109"
"1358","2013-01-09","213",".66","117"
"1363","2013-01-09","213","2.10","202"
"1382","2013-01-09","200","1.05","240"
"1386","2013-01-09","40","4.30","143"
"1390","2013-01-09","120","2.70","143"
"1392","2013-01-09","213","3.50","132"
"1419","2013-01-09","9","285.00","89"
"1420","2013-01-09","9","1899.00","176"
"1427","2013-01-10","213","1.05","326"
"1432","2013-01-10","70","4.50","161"
"1439","2013-01-10","40","2.40","355"
"1455","2013-01-10","25","1.11","14"
"1456","2013-01-10","2","45.00","14"
"1463","2013-01-10","25","1.89","279"
"1472","2013-01-10","4","285.00","239"
"1479","2013-01-10","1","45.00","115"
"1481","2013-01-10","104","2.90","115"
"1491","2013-01-10","20","42.00","129"
"1494","2013-01-10","40","26.00","129"
"1496","2013-01-10","4","34.00","258"
"1516","2013-01-10","36","2.70","80"
"1528","2013-01-10","175","1.05","360"
"1530","2013-01-10","75","2.74","360"
"1550","2013-01-10","125","2.10","161"
"1555","2013-01-10","213","2.04","242"
"1559","2013-01-10","5","90.00","257"
"1562","2013-01-10","70","50.00","52"
"1574","2013-01-10","75","1.28","224"
"1584","2013-01-10","4","34.00","254"
"1585","2013-01-10","90","4.30","254"
"1601","2013-01-10","40","4.50","122"
"1602","2013-01-10","60","12.50","122"
"1604","2013-01-10","7","34.00","122"
"1621","2013-01-10","2","87.00","246"
"1628","2013-01-10","213","2.74","254"
"1630","2013-01-10","2","34.00","254"
"1635","2013-01-10","30","18.50","300"
"1652","2013-01-10","3","1899.00","338"
"1653","2013-01-10","70","22.00","338"
"1661","2013-01-10","8","240.00","88"
"1693","2013-01-11","40","12.50","109"
"1700","2013-01-11","3","345.00","384"
"1708","2013-01-11","60","26.00","5"
"1726","2013-01-11","20","2.40","282"
"1731","2013-01-11","12","2.70","286"
"1732","2013-01-11","1","345.00","286"
"1743","2013-01-11","213","2.04","380"
"1746","2013-01-11","104","2.90","309"
"1747","2013-01-11","5","34.00","309"
"1761","2013-01-11","80","99.00","398"
"1763","2013-01-11","1","34.00","398"
"1766","2013-01-11","175",".95","204"
"1767","2013-01-11","8","34.00","204"
"1771","2013-01-11","60","33.00","331"
"1773","2013-01-11","90","33.00","182"
"1790","2013-01-11","3","1899.00","114"
"1793","2013-01-11","90","29.00","114"
"1834","2013-01-11","20","4.30","134"
"1848","2013-01-11","45","2.40","341"
"1854","2013-01-11","70","45.00","133"
"1864","2013-01-11","75",".66","276"
"1866","2013-01-11","6","240.00","276"
"1874","2013-01-11","120","3.50","343"
"1875","2013-01-11","70","4.30","343"
"1881","2013-01-11","8","34.00","303"
"1887","2013-01-11","150",".95","155"
"1891","2013-01-11","3","240.00","317"
"1900","2013-01-11","5","1899.00","106"
"1919","2013-01-11","150","2.04","138"
"1920","2013-01-11","3","240.00","138"
"1932","2013-01-11","96","2.70","106"
"1949","2013-01-11","3","45.00","188"
"1969","2013-01-12","8","285.00","247"
"1974","2013-01-12","70","29.00","380"
"1976","2013-01-12","5","285.00","380"
"1998","2013-01-12","70","29.00","39"
"1999","2013-01-12","20","105.00","39"
"2006","2013-01-12","2","1899.00","22"
"2011","2013-01-12","80","105.00","27"
"2027","2013-01-12","2","345.00","335"
"2030","2013-01-12","6","1899.00","64"
"2034","2013-01-12","40","26.00","192"
"2036","2013-01-12","90","18.50","192"
"2052","2013-01-14","7","285.00","348"
"2057","2013-01-14","80","42.00","369"
"2070","2013-01-14","90","45.00","168"
"2071","2013-01-14","5","34.00","168"
"2073","2013-01-14","75","2.55","6"
"2081","2013-01-14","20","20.00","12"
"2083","2013-01-14","3","285.00","12"
"2088","2013-01-14","175","2.74","287"
"2089","2013-01-14","213","2.90","287"
"2090","2013-01-14","140","3.50","287"
"2100","2013-01-14","40","3.50","347"
"2133","2013-01-14","5","34.00","310"
"2136","2013-01-14","8","345.00","18"
"2152","2013-01-14","175","1.11","286"
"2171","2013-01-14","90","50.00","119"
"2172","2013-01-14","4","90.00","119"
"2173","2013-01-14","25","1.89","119"
"2179","2013-01-14","30","26.00","139"
"2181","2013-01-14","213","2.55","139"
"2189","2013-01-14","75","1.11","336"
"2193","2013-01-14","52","2.90","319"
"2221","2013-01-14","5","240.00","31"
"2266","2013-01-14","72","2.70","130"
"2607","2013-01-16","213","2.90","8"
"2610","2013-01-16","4","90.00","74"
"2613","2013-01-16","3","240.00","74"
"2617","2013-01-16","125","2.10","266"
"2618","2013-01-16","12","2.70","266"
"2625","2013-01-16","5","34.00","223"
"2647","2013-01-16","90","4.50","338"
"2649","2013-01-16","1","345.00","391"
"2660","2013-01-16","150","2.55","16"
"2678","2013-01-16","26","2.90","220"
"2687","2013-01-16","20","45.00","378"
"2690","2013-01-16","150","2.74","204"
"2691","2013-01-16","60","102.00","204"
"2692","2013-01-16","2","34.00","204"
"2695","2013-01-16","8","90.00","91"
"2697","2013-01-16","45","2.40","91"
"2698","2013-01-16","213","1.28","169"
"2699","2013-01-16","90","33.00","169"
"2705","2013-01-16","175","2.04","265"
"2708","2013-01-16","2","345.00","39"
"3196","2013-01-19","9","240.00","5"
"3204","2013-01-19","80","12.50","244"
"3252","2013-01-19","213","2.74","162"
"3264","2013-01-21","1","285.00","139"
"3271","2013-01-21","90","105.00","380"
"3272","2013-01-21","213","1.05","380"
"3273","2013-01-21","3","87.00","380"
"3279","2013-01-21","80","112.00","49"
"3281","2013-01-21","40","4.50","49"
"3299","2013-01-21","90","12.50","62"
"3308","2013-01-21","40","37.50","45"
"3309","2013-01-21","8","285.00","45"
"3319","2013-01-21","40","4.30","266"
"3325","2013-01-21","213","1.05","213"
"3327","2013-01-21","8","345.00","145"
"3350","2013-01-21","120","2.70","100"
"3355","2013-01-21","20","50.00","373"
"3356","2013-01-21","40","45.00","373"
"3400","2013-01-22","25","1.28","38"
"3439","2013-01-22","80","24.00","76"
"3440","2013-01-22","60","99.00","76"
"3441","2013-01-22","150",".66","76"
"3442","2013-01-22","3","285.00","76"
"3445","2013-01-22","40","48.00","242"
"3446","2013-01-22","150","3.50","242"
"3449","2013-01-22","96","2.70","136"
"3478","2013-01-22","25","2.74","166"
"3539","2013-01-23","70","48.00","84"
"3581","2013-01-23","60","24.00","143"
"3586","2013-01-23","48","2.70","345"
"3589","2013-01-23","125","2.55","401"
"3590","2013-01-23","213","3.50","401"
"3591","2013-01-23","7","34.00","401"
"3593","2013-01-23","25","3.50","30"
"3597","2013-01-23","5","87.00","231"
"3611","2013-01-23","30","105.00","377"
"3626","2013-01-23","20","29.00","52"
"3631","2013-01-23","25","1.89","338"
"3642","2013-01-23","9","34.00","353"
"3661","2013-01-23","25","1.14","388"
"3664","2013-01-23","1","240.00","76"
"3700","2013-01-23","213","1.05","284"
"3705","2013-01-23","70","22.00","74"
"3770","2013-01-24","25","1.05","167"
"3771","2013-01-24","75","2.74","167"
"3774","2013-01-24","104","2.90","152"
"3783","2013-01-24","30","26.00","370"
"3805","2013-01-24","213","2.10","78"
"3807","2013-01-24","156","2.90","78"
"3824","2013-01-24","80","108.00","108"
"3856","2013-01-24","175",".95","256"
"3858","2013-01-24","8","87.00","256"
"3873","2013-01-24","4","90.00","85"
"3874","2013-01-24","125","3.50","85"
"3876","2013-01-24","90","48.00","385"
"3886","2013-01-24","90","4.30","59"
"3911","2013-01-25","40","1.89","110"
"3913","2013-01-25","7","240.00","133"
"3940","2013-01-25","80","105.00","343"
"3956","2013-01-25","30","18.50","296"
"3968","2013-01-25","70","4.30","47"
"3970","2013-01-25","150","1.11","150"
"3997","2013-01-25","5","87.00","232"
"4003","2013-01-25","6","1899.00","74"
"4013","2013-01-25","175","2.55","24"
"4019","2013-01-25","5","34.00","63"
"4022","2013-01-25","90","99.00","240"
"4025","2013-01-25","78","2.90","240"
"4026","2013-01-25","60","105.00","305"
"4040","2013-01-25","30","24.00","383"
"4078","2013-01-25","9","87.00","367"
"4079","2013-01-25","45","2.40","367"
"4083","2013-01-25","213","2.90","117"
"4090","2013-01-25","90","15.00","170"
"4091","2013-01-25","7","240.00","170"
"4093","2013-01-25","5","34.00","201"
"4102","2013-01-25","175","1.14","266"
"4104","2013-01-25","9","240.00","266"
"4117","2013-01-25","80","18.50","236"
"4133","2013-01-25","150","1.05","23"
"4136","2013-01-25","4","285.00","135"
"4139","2013-01-25","30","37.50","135"
"4547","2013-01-29","20","112.00","296"
"4563","2013-01-29","60","102.00","208"
"4587","2013-01-29","213","1.05","103"
"4589","2013-01-29","90","15.00","103"
"4607","2013-01-29","150","1.11","222"
"4615","2013-01-29","5","45.00","47"
"4617","2013-01-29","200","2.55","43"
"4619","2013-01-29","25","1.14","106"
"4640","2013-01-29","9","87.00","330"
"4672","2013-01-29","3","1899.00","60"
"4674","2013-01-29","75","2.55","60"
"4675","2013-01-29","175",".95","249"
"4676","2013-01-29","1","240.00","249"
"4677","2013-01-29","72","2.70","249"
"4694","2013-01-29","9","34.00","51"
"4716","2013-01-29","40","42.00","129"
"4721","2013-01-29","3","34.00","242"
"4724","2013-01-29","3","240.00","242"
"4741","2013-01-29","80","4.50","38"
"4748","2013-01-29","120","2.70","295"
"4750","2013-01-29","3","240.00","295"
"4752","2013-01-29","80","22.00","295"
"4757","2013-01-29","25","2.10","366"
"4770","2013-01-29","30","37.00","163"
"5049","2013-01-31","213","1.05","227"
"5069","2013-01-31","30","37.00","400"
"5070","2013-01-31","9","1899.00","400"
"5115","2013-01-31","40","33.00","200"
"5132","2013-01-31","182","2.90","174"
"5228","2013-01-31","6","34.00","142"
"5260","2013-01-31","40","29.00","343"
"5191","2013-01-31","90","18.50","232"
"5209","2013-01-31","24","2.70","41"
"5218","2013-01-31","8","45.00","392"
"5284","2013-02-01","150","1.11","264"
"5285","2013-02-01","80","4.30","264"
"5334","2013-02-01","175","3.50","31"
"5335","2013-02-01","80","105.00","31"
"5336","2013-02-01","60","37.50","31"
"5358","2013-02-01","75","2.10","96"
"5366","2013-02-01","9","1899.00","275"
"5368","2013-02-01","213",".66","187"
"5389","2013-02-01","8","285.00","152"
"5395","2013-02-01","8","285.00","187"
"5416","2013-02-01","25","2.10","299"
"5419","2013-02-01","5","34.00","89"
"5420","2013-02-01","25","1.28","89"
"5449","2013-02-01","7","45.00","219"
"5476","2013-02-01","48","2.70","143"
"5477","2013-02-01","9","240.00","143"
"5478","2013-02-01","60","102.00","143"
"5511","2013-02-01","90","24.00","368"
"5536","2013-02-02","6","240.00","141"
"5538","2013-02-02","213","1.28","141"
"5585","2013-02-02","80","50.00","164"
"5598","2013-02-02","3","240.00","288"
"5607","2013-02-02","9","34.00","73"
"5613","2013-02-02","60","12.50","181"
"5667","2013-02-04","4","285.00","322"
"5673","2013-02-04","70","24.00","332"
"5677","2013-02-04","108","2.70","176"
"5694","2013-02-04","20","105.00","358"
"5700","2013-02-04","60","4.50","387"
"5718","2013-02-04","213","2.10","229"
"5726","2013-02-04","90","26.00","127"
"5727","2013-02-04","213","1.11","310"
"5745","2013-02-04","5","34.00","200"
"5747","2013-02-04","72","2.70","323"
"5748","2013-02-04","213","1.11","323"
"5749","2013-02-04","150","1.14","79"
"5751","2013-02-04","175",".95","79"
"5753","2013-02-04","9","34.00","291"
"5756","2013-02-04","9","34.00","231"
"5800","2013-02-04","70","42.00","231"
"5811","2013-02-04","80","37.50","83"
"5824","2013-02-04","9","1899.00","28"
"5829","2013-02-04","25","2.10","356"
"5857","2013-02-05","35","2.40","346"
"5863","2013-02-05","60","99.00","379"
"5889","2013-02-05","90","102.00","344"
"5913","2013-02-05","8","285.00","93"
"5917","2013-02-05","120","3.50","181"
"5918","2013-02-05","25",".66","181"
"5923","2013-02-05","4","240.00","68"
"5932","2013-02-05","15","2.40","219"
"5934","2013-02-05","180","3.50","219"
"5936","2013-02-05","80","50.00","219"
"5937","2013-02-05","30","12.50","110"
"5938","2013-02-05","175","2.04","110"
"5944","2013-02-05","40","33.00","52"
"5972","2013-02-06","60","105.00","45"
"5986","2013-02-06","84","2.70","271"
"6003","2013-02-06","80","37.00","11"
"6005","2013-02-06","130","2.90","11"
"6026","2013-02-06","7","240.00","126"
"6028","2013-02-06","6","285.00","126"
"6038","2013-02-06","30","18.50","22"
"6042","2013-02-06","5","2.40","72"
"6044","2013-02-06","80","20.00","362"
"6093","2013-02-06","30","105.00","170"
"6073","2013-02-06","20","1.89","402"
"6074","2013-02-06","24","2.70","402"
"6092","2013-02-06","40","37.50","170"
"6104","2013-02-07","180","3.50","394"
"6133","2013-02-07","90","112.00","370"
"6167","2013-02-07","30","22.00","254"
"6168","2013-02-07","200","3.50","254"
"6174","2013-02-07","90","4.30","395"
"6188","2013-02-07","30","102.00","210"
"6189","2013-02-07","108","2.70","210"
"6405","2013-02-08","175","3.50","314"
"6352","2013-02-08","7","240.00","229"
"6374","2013-02-08","213","1.05","369"
"6379","2013-02-08","2","34.00","200"
"6266","2013-02-08","70","108.00","97"
"6267","2013-02-08","3","34.00","97"
"6275","2013-02-08","5","87.00","360"
"6288","2013-02-08","7","285.00","48"
"6320","2013-02-08","120","3.50","174"
"6332","2013-02-08","80","99.00","130"
"6334","2013-02-08","25","1.11","130"
"6336","2013-02-08","3","240.00","250"
"6341","2013-02-08","70","26.00","17"
"6342","2013-02-08","2","285.00","17"
"6417","2013-02-09","90","105.00","3"
"6455","2013-02-09","6","45.00","389"
"6465","2013-02-09","45","1.89","110"
"6466","2013-02-09","8","240.00","110"
"6485","2013-02-09","150","2.55","93"
"6552","2013-02-09","9","240.00","143"
"6562","2013-02-09","25","1.14","237"
"6564","2013-02-09","75","3.50","92"
"6568","2013-02-09","78","2.90","92"
"6498","2013-02-09","4","34.00","341"
"6511","2013-02-09","175","1.14","262"
"6588","2013-02-11","30","112.00","76"
"6589","2013-02-11","7","34.00","212"
"6622","2013-02-11","1","90.00","398"
"6717","2013-02-11","2","90.00","281"
"6746","2013-02-11","90","12.50","63"
"6751","2013-02-11","4","34.00","63"
"6692","2013-02-11","4","45.00","239"
"6694","2013-02-11","7","87.00","239"
"6698","2013-02-11","30","37.50","316"
"6704","2013-02-11","84","2.70","58"
"6627","2013-02-11","90","20.00","140"
"6669","2013-02-11","9","240.00","108"
"6789","2013-02-11","80","108.00","125"
"6793","2013-02-11","182","2.90","125"
"6838","2013-02-12","213","2.90","87"
"6854","2013-02-12","20","102.00","46"
"6865","2013-02-12","25","1.89","272"
"6868","2013-02-12","30","24.00","272"
"6895","2013-02-12","40","4.30","50"
"6909","2013-02-12","40","22.00","22"
"7111","2013-02-14","213","2.04","86"
"7126","2013-02-14","175",".66","280"
"7087","2013-02-14","80","112.00","21"
"7175","2013-02-14","24","2.70","363"
"7176","2013-02-14","8","345.00","363"
"7177","2013-02-14","125","2.74","363"
"7192","2013-02-14","213","1.11","259"
"7197","2013-02-14","90","105.00","351"
"7198","2013-02-14","70","29.00","351"
"7253","2013-02-15","70","37.50","370"
"7288","2013-02-15","75","1.28","365"
"7360","2013-02-15","1","90.00","24"
"7329","2013-02-15","3","285.00","110"
"7330","2013-02-15","213","2.74","279"
"7333","2013-02-15","75","1.14","279"
"7366","2013-02-16","75","2.74","67"
"7369","2013-02-16","4","34.00","67"
"7374","2013-02-16","9","240.00","330"
"7381","2013-02-16","60","105.00","12"
"7382","2013-02-16","5","45.00","12"
"7383","2013-02-16","182","2.90","12"
"7415","2013-02-16","75","1.11","199"
"7468","2013-02-16","213","1.11","150"
"7477","2013-02-16","125","2.74","232"
"7490","2013-02-16","70","50.00","296"
"7502","2013-02-16","6","285.00","60"
"7503","2013-02-16","175","1.05","60"
"7677","2013-02-19","72","2.70","78"
"7693","2013-02-19","90","108.00","41"
"7694","2013-02-19","25",".95","41"
"7737","2013-02-19","90","26.00","326"
"7740","2013-02-19","213","1.05","293"
"7742","2013-02-19","8","1899.00","293"
"7755","2013-02-19","8","240.00","50"
"7757","2013-02-19","2","87.00","50"
"7778","2013-02-19","200","1.05","25"
"7780","2013-02-19","5","87.00","25"
"7784","2013-02-19","20","37.50","12"
"7790","2013-02-19","90","48.00","315"
"7794","2013-02-19","5","1899.00","125"
"7817","2013-02-19","20","2.40","160"
"7818","2013-02-19","80","42.00","160"
"7819","2013-02-19","150",".95","20"
"7821","2013-02-19","60","4.50","20"
"7822","2013-02-19","125",".95","256"
"7832","2013-02-19","20","15.00","151"
"7839","2013-02-19","25","1.14","258"
"8036","2013-02-20","120","2.70","389"
"8038","2013-02-20","40","99.00","389"
"7979","2013-02-20","175","2.55","200"
"7980","2013-02-20","40","1.89","200"
"7937","2013-02-20","20","105.00","27"
"7944","2013-02-20","7","345.00","88"
"8044","2013-02-20","30","37.50","340"
"8161","2013-02-21","6","285.00","42"
"8162","2013-02-21","60","22.00","42"
"8129","2013-02-21","7","34.00","329"
"8137","2013-02-21","36","2.70","353"
"8138","2013-02-21","213",".66","353"
"8142","2013-02-21","40","22.00","32"
"8302","2013-02-22","160","3.50","380"
"8303","2013-02-22","213","2.74","380"
"8306","2013-02-22","1","240.00","380"
"8333","2013-02-23","4","90.00","362"
"8387","2013-02-23","213","2.74","285"
"8390","2013-02-23","75","1.28","186"
"8393","2013-02-23","208","2.90","54"
"8404","2013-02-23","6","285.00","246"
"8471","2013-02-25","5","87.00","90"
"8479","2013-02-25","36","2.70","240"
"8558","2013-02-25","40","33.00","372"
"8519","2013-02-25","25","2.74","80"
"8528","2013-02-25","200","1.05","309"
"8534","2013-02-25","70","45.00","98"
"8536","2013-02-25","70","26.00","98"
"8540","2013-02-25","75",".95","192"
"8545","2013-02-25","25","1.89","89"
"8740","2013-02-26","213","1.28","15"
"8745","2013-02-26","40","2.40","305"
"8662","2013-02-26","3","345.00","80"
"8664","2013-02-26","90","29.00","80"
"8772","2013-02-27","24","2.70","241"
"8774","2013-02-27","175","1.11","241"
"8782","2013-02-27","80","33.00","132"
"8784","2013-02-27","4","34.00","132"
"8806","2013-02-27","4","240.00","329"
"8824","2013-02-27","70","4.30","124"
"8827","2013-02-27","213","1.05","124"
"8836","2013-02-27","20","20.00","242"
"9193","2013-03-01","200","1.11","289"
"9232","2013-03-01","2","1899.00","139"
"9160","2013-03-01","70","12.50","88"
"9174","2013-03-01","9","240.00","397"
"9124","2013-03-01","175","2.04","285"
"9130","2013-03-01","150","2.04","132"
"9060","2013-03-01","150","1.14","380"
"9320","2013-03-02","25","1.05","19"
"9400","2013-03-04","30","112.00","135"
"9417","2013-03-04","125","2.10","54"
"9500","2013-03-04","30","45.00","322"
"9521","2013-03-04","213","2.10","61"
"9522","2013-03-04","24","2.70","61"
"9452","2013-03-04","12","2.70","143"
"9762","2013-03-05","150","1.28","366"
"9795","2013-03-05","150","1.05","367"
"9809","2013-03-05","75","1.14","274"
"10203","2013-03-07","60","33.00","369"
"10206","2013-03-07","150","3.50","369"
"10278","2013-03-07","1","34.00","215"
"10362","2013-03-07","213","1.05","40"
"10364","2013-03-07","4","90.00","40"
"10419","2013-03-08","75","2.10","29"
"10508","2013-03-08","150","2.74","294"
"10530","2013-03-08","8","285.00","165"
"10732","2013-03-09","200","2.10","30"
"11351","2013-03-13","140","3.50","94"
"11357","2013-03-13","125","1.14","230"
"11737","2013-03-14","70","105.00","373"
"11738","2013-03-14","60","22.00","373"
"11739","2013-03-14","8","45.00","373"
"11664","2013-03-14","60","37.00","388"
"11836","2013-03-15","30","50.00","12"
"11869","2013-03-15","4","285.00","67"
"12021","2013-03-15","180","3.50","386"
"12328","2013-03-19","108","2.70","58"
"12333","2013-03-19","4","240.00","299"
"12340","2013-03-19","70","4.50","161"
"12342","2013-03-19","75","3.50","161"
"12379","2013-03-19","12","2.70","78"
"12510","2013-03-19","84","2.70","331"
"12529","2013-03-19","30","12.50","8"
"12589","2013-03-19","8","34.00","47"
"12623","2013-03-20","40","18.50","213"
"12777","2013-03-20","80","12.50","117"
"12732","2013-03-20","40","26.00","238"
"12735","2013-03-20","70","99.00","238"
"12844","2013-03-20","120","2.70","22"
"12846","2013-03-20","30","48.00","22"
"12884","2013-03-21","9","87.00","309"
"12954","2013-03-21","20","26.00","58"
"12955","2013-03-21","6","34.00","58"
"12956","2013-03-21","6","45.00","58"
"12959","2013-03-21","20","105.00","370"
"12961","2013-03-21","40","1.89","370"
"12966","2013-03-21","80","105.00","207"
"13007","2013-03-21","1","45.00","375"
"13032","2013-03-21","180","3.50","60"
"13058","2013-03-21","96","2.70","89"
"13154","2013-03-22","3","90.00","235"
"13205","2013-03-22","175","1.14","268"
"13206","2013-03-22","25","2.74","268"
"13256","2013-03-22","4","34.00","243"
"13258","2013-03-22","200",".66","243"
"13393","2013-03-23","30","105.00","132"
"13418","2013-03-23","213","2.10","194"
"13419","2013-03-23","40","45.00","194"
"13420","2013-03-23","25","2.40","194"
"13436","2013-03-23","1","34.00","195"
"13464","2013-03-25","6","240.00","202"
"13466","2013-03-25","108","2.70","317"
"13482","2013-03-25","40","45.00","100"
"13484","2013-03-25","80","102.00","100"
"13558","2013-03-25","200","2.04","128"
"13563","2013-03-25","200","2.10","385"
"13640","2013-03-25","90","105.00","228"
"13635","2013-03-25","40","42.00","106"
"13637","2013-03-25","60","105.00","106"
"13524","2013-03-25","175","2.55","204"
"13525","2013-03-25","2","90.00","204"
"13694","2013-03-26","80","24.00","284"
"13698","2013-03-26","90","4.30","284"
"13779","2013-03-26","60","105.00","300"
"13903","2013-03-27","70","102.00","390"
"13905","2013-03-27","40","45.00","390"
"13850","2013-03-27","175","2.74","101"
"13860","2013-03-27","4","285.00","190"
"13861","2013-03-27","5","90.00","199"
"14062","2013-03-27","30","29.00","81"
"14065","2013-03-27","20","15.00","81"
"14066","2013-03-27","8","1899.00","54"
"14069","2013-03-27","84","2.70","54"
"13933","2013-03-27","4","34.00","166"
"13989","2013-03-27","80","26.00","66"
"14013","2013-03-27","70","105.00","358"
"14016","2013-03-27","2","345.00","193"
"14122","2013-03-28","200","2.55","79"
"14124","2013-03-28","213","1.05","79"
"14131","2013-03-28","26","2.90","167"
"14190","2013-03-28","7","87.00","16"
"14150","2013-03-28","40","112.00","43"
"14155","2013-03-28","90","45.00","175"
"14274","2013-03-29","26","2.90","392"
"14360","2013-03-30","60","2.70","380"
"14624","2013-04-01","30","48.00","16"
"14637","2013-04-01","30","108.00","183"
"14662","2013-04-01","125","1.28","15"
"14402","2013-04-01","30","1.89","288"
"14407","2013-04-01","125","2.10","307"
"14460","2013-04-01","5","240.00","89"
"14462","2013-04-01","4","90.00","89"
"14483","2013-04-01","20","12.50","7"
"14486","2013-04-01","60","15.00","154"
"14489","2013-04-01","25","3.50","291"
"14501","2013-04-01","96","2.70","330"
"14603","2013-04-01","150","3.50","61"
"14605","2013-04-01","5","34.00","205"
"14845","2013-04-02","35","2.40","82"
"14692","2013-04-02","60","22.00","363"
"14694","2013-04-02","25","2.74","206"
"14700","2013-04-02","175","2.10","375"
"14716","2013-04-02","90","29.00","125"
"14717","2013-04-02","40","48.00","125"
"14741","2013-04-02","40","99.00","14"
"14744","2013-04-02","8","87.00","14"
"14781","2013-04-02","80","29.00","11"
"14782","2013-04-02","4","240.00","11"
"14843","2013-04-02","1","45.00","82"
"14919","2013-04-03","70","29.00","118"
"14960","2013-04-03","90","12.50","364"
"14966","2013-04-03","60","108.00","172"
"14968","2013-04-03","213","1.14","24"
"15030","2013-04-03","90","26.00","248"
"15047","2013-04-03","40","29.00","185"
"15368","2013-04-05","60","48.00","20"
"15472","2013-04-05","60","102.00","254"
"15602","2013-04-05","20","20.00","197"
"15527","2013-04-05","96","2.70","7"
"15529","2013-04-05","5","2.40","7"
"15646","2013-04-06","24","2.70","14"
"15696","2013-04-08","60","3.50","101"
"15718","2013-04-08","80","22.00","303"
"15736","2013-04-08","60","22.00","164"
"15858","2013-04-09","125",".95","170"
"15859","2013-04-09","150","1.14","170"
"15860","2013-04-09","5","34.00","170"
"15938","2013-04-09","4","90.00","303"
"15944","2013-04-09","4","1899.00","352"
"15874","2013-04-09","20","3.50","373"
"16062","2013-04-10","75","1.05","340"
"16064","2013-04-10","75","1.14","340"
"16072","2013-04-10","4","285.00","25"
"16078","2013-04-10","9","345.00","383"
"16079","2013-04-10","80","50.00","383"
"16250","2013-04-10","78","2.90","170"
"16126","2013-04-10","125","2.04","134"
"16134","2013-04-10","40","29.00","15"
"16152","2013-04-10","8","1899.00","30"
"16174","2013-04-10","25","1.11","1"
"16289","2013-04-11","7","285.00","267"
"16290","2013-04-11","150","1.11","267"
"16344","2013-04-11","120","2.70","39"
"16352","2013-04-11","5","45.00","250"
"16404","2013-04-11","150","3.50","396"
"16406","2013-04-11","70","33.00","396"
"16452","2013-04-12","70","112.00","301"
"16472","2013-04-12","30","102.00","338"
"16473","2013-04-12","8","285.00","338"
"16505","2013-04-12","40","50.00","195"
"16554","2013-04-12","40","18.50","185"
"16657","2013-04-12","3","45.00","52"
"16609","2013-04-12","90","18.50","20"
"16739","2013-04-13","40","3.50","2"
"16753","2013-04-13","20","105.00","89"
"16756","2013-04-13","20","18.50","274"
"16810","2013-04-13","213","3.50","304"
"16811","2013-04-13","140","3.50","304"
"16906","2013-04-15","75","1.14","20"
"16954","2013-04-16","60","42.00","381"
"17153","2013-04-16","20","50.00","204"
"17163","2013-04-16","140","3.50","398"
"17097","2013-04-16","30","37.50","286"
"17106","2013-04-16","213","2.55","222"
"17003","2013-04-16","182","2.90","85"
"17006","2013-04-16","24","2.70","132"
"17057","2013-04-16","90","105.00","196"
"17061","2013-04-16","130","2.90","242"
"17064","2013-04-16","40","105.00","242"
"17065","2013-04-16","20","24.00","242"
"17082","2013-04-16","213","2.74","286"
"17083","2013-04-16","70","42.00","286"
"17094","2013-04-16","90","108.00","286"
"17375","2013-04-17","5","87.00","232"
"17401","2013-04-17","2","240.00","280"
"17410","2013-04-17","80","45.00","36"
"17414","2013-04-17","8","240.00","256"
"17327","2013-04-17","4","285.00","399"
"17645","2013-04-18","80","45.00","216"
"17646","2013-04-18","60","108.00","216"
"17649","2013-04-18","40","24.00","217"
"51925","2013-11-02","8","240.00","189"
"52076","2013-11-04","2","285.00","215"
"52078","2013-11-04","90","37.00","215"
"52087","2013-11-04","36","2.70","75"
"52089","2013-11-04","7","34.00","75"
"52228","2013-11-05","200","2.10","353"
"52230","2013-11-05","60","112.00","353"
"53062","2013-11-11","60","99.00","27"
"53081","2013-11-11","1","345.00","228"
"53222","2013-11-12","9","1899.00","270"
"53477","2013-11-13","4","285.00","213"
"53478","2013-11-13","8","87.00","213"
"53572","2013-11-13","7","90.00","330"
"53573","2013-11-13","9","240.00","330"
"53574","2013-11-13","120","2.70","330"
"53718","2013-11-14","90","4.50","34"
"53742","2013-11-14","150","3.50","386"
"54014","2013-11-15","108","2.70","379"
"54036","2013-11-15","40","26.00","149"
"54049","2013-11-15","9","45.00","202"
"53925","2013-11-15","213","1.11","52"
"53928","2013-11-15","8","45.00","52"
"54102","2013-11-16","3","34.00","6"
"54208","2013-11-16","6","34.00","348"
"54220","2013-11-18","60","48.00","121"
"54339","2013-11-18","150","1.05","238"
"54341","2013-11-18","2","34.00","238"
"54379","2013-11-18","70","45.00","154"
"54265","2013-11-18","5","34.00","240"
"54750","2013-11-19","75","1.11","110"
"54680","2013-11-19","150","1.05","342"
"54681","2013-11-19","8","240.00","342"
"54740","2013-11-19","36","2.70","131"
"54742","2013-11-19","5","45.00","151"
"54743","2013-11-19","40","3.50","151"
"54744","2013-11-19","60","15.00","151"
"54587","2013-11-19","7","45.00","314"
"54588","2013-11-19","200","1.28","314"
"54790","2013-11-20","80","4.50","319"
"54835","2013-11-20","108","2.70","198"
"54883","2013-11-20","75","2.74","68"
"54884","2013-11-20","213",".66","68"
"54945","2013-11-20","80","15.00","85"
"55124","2013-11-21","7","90.00","247"
"55125","2013-11-21","9","345.00","247"
"55139","2013-11-21","213","3.50","248"
"55141","2013-11-21","150",".95","248"
"55257","2013-11-21","6","285.00","109"
"55259","2013-11-21","80","37.50","302"
"55659","2013-11-25","40","15.00","158"
"55660","2013-11-25","40","102.00","158"
"55661","2013-11-25","30","108.00","158"
"55690","2013-11-25","213","1.11","24"
"55776","2013-11-26","90","26.00","39"
"55823","2013-11-26","75","2.10","324"
"55831","2013-11-26","80","29.00","194"
"56012","2013-11-26","175","1.05","79"
"55979","2013-11-26","8","345.00","209"
"55982","2013-11-26","60","29.00","190"
"55989","2013-11-26","40","3.50","182"
"56052","2013-11-27","4","285.00","191"
"56054","2013-11-27","48","2.70","191"
"56084","2013-11-27","40","37.00","210"
"56384","2013-11-28","70","42.00","7"
"56403","2013-11-28","5","240.00","377"
"56341","2013-11-28","60","48.00","73"
"56344","2013-11-28","9","1899.00","73"
"56270","2013-11-28","2","34.00","135"
"56271","2013-11-28","213","2.04","135"
"56273","2013-11-28","26","2.90","69"
"56316","2013-11-28","175","1.11","163"
"56551","2013-11-29","60","4.50","88"
"56593","2013-11-29","60","20.00","393"
"56714","2013-12-02","30","26.00","163"
"56761","2013-12-02","2","87.00","132"
"56765","2013-12-02","25","3.50","138"
"56826","2013-12-02","125",".95","102"
"56822","2013-12-02","80","48.00","399"
"56823","2013-12-02","6","90.00","302"
"56902","2013-12-02","213","1.05","188"
"56919","2013-12-02","75","1.05","273"
"56924","2013-12-02","80","26.00","196"
"56981","2013-12-03","125","2.04","368"
"57014","2013-12-03","3","90.00","89"
"57101","2013-12-03","96","2.70","302"
"57127","2013-12-03","2","34.00","30"
"57220","2013-12-03","6","34.00","96"
"57312","2013-12-04","80","4.30","386"
"57313","2013-12-04","25","1.14","386"
"57341","2013-12-04","213",".95","293"
"57600","2013-12-05","90","20.00","220"
"57618","2013-12-05","30","2.40","31"
"57619","2013-12-05","36","2.70","31"
"57621","2013-12-05","30","1.89","31"
"57861","2013-12-06","4","90.00","373"
"57793","2013-12-06","200",".95","339"
"57935","2013-12-07","40","45.00","232"
"58055","2013-12-09","40","20.00","124"
"58110","2013-12-09","213","2.55","159"
"58111","2013-12-09","75","1.28","159"
"58182","2013-12-09","30","29.00","230"
"58189","2013-12-09","90","18.50","174"
"58192","2013-12-09","25","2.40","174"
"58195","2013-12-09","213",".66","13"
"58346","2013-12-10","150","3.50","102"
"58348","2013-12-10","20","37.00","102"
"58458","2013-12-11","30","2.40","46"
"58459","2013-12-11","30","33.00","46"
"58610","2013-12-12","125","1.28","91"
"58680","2013-12-13","96","2.70","54"
"58958","2013-12-16","30","102.00","11"
"59066","2013-12-17","60","112.00","7"
"59075","2013-12-17","20","42.00","252"
"59260","2013-12-17","6","285.00","207"
"59203","2013-12-17","78","2.90","236"
"59230","2013-12-17","213",".66","109"
"59231","2013-12-17","1","240.00","109"
"59255","2013-12-17","60","15.00","91"
"59257","2013-12-17","150","2.55","207"
"59460","2013-12-19","1","240.00","193"
"59656","2013-12-19","5","240.00","174"
"59543","2013-12-19","70","48.00","396"
"59607","2013-12-19","150","2.04","327"
"59772","2013-12-20","60","108.00","336"
"59829","2013-12-20","4","240.00","131"
"59894","2013-12-21","1","1899.00","136"
"60371","2013-12-24","75","2.55","372"
"60349","2013-12-24","60","37.00","235"
"60211","2013-12-24","5","34.00","241"
"60214","2013-12-24","24","2.70","241"
"60217","2013-12-24","90","99.00","309"
"60220","2013-12-24","3","1899.00","309"
"60232","2013-12-24","125","1.28","114"
"60236","2013-12-24","108","2.70","118"
"60239","2013-12-24","70","12.50","118"
"60270","2013-12-24","20","24.00","207"
"60517","2013-12-25","7","240.00","261"
"60522","2013-12-25","200","2.10","9"
"60523","2013-12-25","40","12.50","9"
"60566","2013-12-25","3","1899.00","318"
"60567","2013-12-25","20","22.00","318"
"60633","2013-12-25","25","2.40","312"
"60712","2013-12-26","70","48.00","151"
"60713","2013-12-26","213",".95","151"
"60979","2013-12-27","1","240.00","367"
"60989","2013-12-27","90","37.00","317"
"61011","2013-12-27","7","1899.00","182"
"61072","2013-12-27","213","1.11","106"
"61074","2013-12-27","6","45.00","106"
"61076","2013-12-27","2","240.00","106"
"61190","2013-12-30","4","240.00","251"
"61220","2013-12-30","52","2.90","92"
"61333","2013-12-30","90","50.00","171"
"61228","2013-12-30","9","34.00","31"
"61269","2013-12-30","40","22.00","37"
"61270","2013-12-30","80","15.00","37"
"61353","2013-12-31","2","240.00","365"
"61544","2013-12-31","182","2.90","252"
"61559","2013-12-31","45","2.40","195"
"61506","2013-12-31","75","2.55","46"
"61507","2013-12-31","80","18.50","46"
"61508","2013-12-31","60","108.00","46"
"61520","2013-12-31","6","90.00","280"
"61449","2013-12-31","213","2.74","343"
"61450","2013-12-31","175","1.28","343"
"61455","2013-12-31","20","18.50","370"
"61378","2013-12-31","80","18.50","69"
"7995","2013-02-20","70","4.30","137"
"7996","2013-02-20","125","2.55","137"
"7997","2013-02-20","125","1.05","137"
"7998","2013-02-20","5","345.00","137"
"7999","2013-02-20","7","34.00","137"
"8440","2013-02-23","30","37.50","209"
"8579","2013-02-26","80","26.00","316"
"8580","2013-02-26","70","108.00","316"
"8581","2013-02-26","40","4.30","316"
"8652","2013-02-26","80","33.00","273"
"8655","2013-02-26","24","2.70","334"
"8658","2013-02-26","90","20.00","334"
"8719","2013-02-26","20","102.00","157"
"8724","2013-02-26","30","45.00","398"
"8726","2013-02-26","125","2.04","351"
"8829","2013-02-27","80","20.00","222"
"9008","2013-03-01","25","1.05","215"
"9011","2013-03-01","6","240.00","215"
"9270","2013-03-01","40","4.30","150"
"9165","2013-03-01","2","240.00","311"
"9167","2013-03-01","30","24.00","311"
"9112","2013-03-01","90","112.00","336"
"9034","2013-03-01","6","34.00","305"
"9554","2013-03-04","9","345.00","273"
"9555","2013-03-04","213","1.28","273"
"9556","2013-03-04","60","50.00","273"
"9419","2013-03-04","40","24.00","247"
"9421","2013-03-04","1","345.00","247"
"9659","2013-03-04","125","2.10","268"
"9616","2013-03-04","36","2.70","168"
"9688","2013-03-05","6","285.00","14"
"9779","2013-03-05","9","285.00","386"
"9781","2013-03-05","20","15.00","386"
"10160","2013-03-07","15","2.40","156"
"10401","2013-03-07","182","2.90","359"
"10274","2013-03-07","104","2.90","292"
"10365","2013-03-07","175","2.74","65"
"10597","2013-03-08","125","2.04","340"
"10850","2013-03-11","20","112.00","193"
"10852","2013-03-11","5","285.00","193"
"10853","2013-03-11","20","37.00","193"
"11008","2013-03-11","75","1.14","152"
"11390","2013-03-13","8","90.00","392"
"11392","2013-03-13","60","2.70","392"
"11558","2013-03-14","213","2.90","189"
"11578","2013-03-14","80","37.00","328"
"11635","2013-03-14","150","2.04","217"
"11873","2013-03-15","8","285.00","350"
"12010","2013-03-15","30","48.00","298"
"11897","2013-03-15","60","26.00","283"
"11899","2013-03-15","30","108.00","283"
"11938","2013-03-15","213",".95","235"
"12103","2013-03-16","70","33.00","299"
"12426","2013-03-19","108","2.70","287"
"12427","2013-03-19","1","34.00","287"
"12431","2013-03-19","70","50.00","109"
"12499","2013-03-19","213","1.28","281"
"12559","2013-03-19","213","2.04","168"
"12711","2013-03-20","60","12.50","383"
"12795","2013-03-20","8","45.00","181"
"12724","2013-03-20","200","1.05","381"
"13025","2013-03-21","200","2.04","152"
"13075","2013-03-21","80","3.50","60"
"13085","2013-03-21","48","2.70","119"
"24218","2013-05-27","213","3.50","294"
"24220","2013-05-27","25",".66","294"
"24407","2013-05-27","36","2.70","402"
"24390","2013-05-27","30","105.00","10"
"24322","2013-05-27","80","108.00","91"
"24323","2013-05-27","150","1.05","91"
"24484","2013-05-28","150",".66","272"
"24493","2013-05-28","30","108.00","203"
"24505","2013-05-28","20","105.00","382"
"24627","2013-05-28","120","2.70","341"
"24625","2013-05-28","213","3.50","341"
"24758","2013-05-29","96","2.70","94"
"25089","2013-05-30","213","1.11","129"
"24912","2013-05-30","80","42.00","83"
"24913","2013-05-30","90","108.00","83"
"24934","2013-05-30","90","45.00","312"
"24935","2013-05-30","5","1.89","312"
"24936","2013-05-30","175","2.74","312"
"24969","2013-05-30","60","2.70","167"
"24971","2013-05-30","200","3.50","167"
"24997","2013-05-30","4","34.00","159"
"25208","2013-05-31","45","2.40","158"
"25715","2013-06-03","3","1899.00","397"
"25717","2013-06-03","125","2.55","397"
"25785","2013-06-04","150","1.28","315"
"25913","2013-06-04","200",".66","247"
"26266","2013-06-05","213",".95","276"
"26214","2013-06-05","20","50.00","387"
"26449","2013-06-06","6","285.00","199"
"26460","2013-06-06","30","4.50","140"
"26461","2013-06-06","213","2.74","140"
"26514","2013-06-06","75","2.74","277"
"26303","2013-06-06","175","3.50","60"
"26306","2013-06-06","60","37.50","60"
"26349","2013-06-06","30","15.00","317"
"26360","2013-06-06","1","240.00","253"
"26362","2013-06-06","9","285.00","253"
"26782","2013-06-07","200","2.10","266"
"26697","2013-06-07","3","240.00","47"
"26698","2013-06-07","90","18.50","47"
"26658","2013-06-07","213","2.74","377"
"26887","2013-06-08","30","4.30","93"
"26903","2013-06-08","45","1.89","285"
"27134","2013-06-10","90","105.00","134"
"26985","2013-06-10","70","22.00","74"
"26986","2013-06-10","60","108.00","74"
"27197","2013-06-11","90","45.00","355"
"27278","2013-06-11","25","1.05","43"
"27251","2013-06-11","60","42.00","318"
"27394","2013-06-12","2","34.00","110"
"27396","2013-06-12","75","1.05","110"
"27630","2013-06-13","40","15.00","306"
"27719","2013-06-14","80","18.50","120"
"27720","2013-06-14","90","99.00","120"
"28204","2013-06-18","200","3.50","347"
"28276","2013-06-18","4","34.00","292"
"28277","2013-06-18","175",".95","292"
"28280","2013-06-18","2","34.00","292"
"28225","2013-06-18","6","345.00","229"
"28226","2013-06-18","2","34.00","229"
"28227","2013-06-18","78","2.90","229"
"28559","2013-06-19","60","48.00","162"
"28562","2013-06-19","200","1.14","162"
"28571","2013-06-19","20","37.50","102"
"28593","2013-06-19","7","1899.00","272"
"28594","2013-06-19","75",".66","272"
"28635","2013-06-19","7","90.00","325"
"28647","2013-06-19","3","240.00","63"
"28708","2013-06-19","60","4.50","189"
"55472","2013-11-23","213","2.90","74"
"55473","2013-11-23","80","24.00","74"
"55513","2013-11-25","4","45.00","262"
"55514","2013-11-25","104","2.90","262"
"55613","2013-11-25","90","24.00","161"
"55616","2013-11-25","213",".95","98"
"55747","2013-11-26","25","2.04","20"
"55919","2013-11-26","5","34.00","6"
"56089","2013-11-27","175","1.05","177"
"56108","2013-11-27","213","1.05","311"
"56421","2013-11-28","2","87.00","79"
"56349","2013-11-28","7","285.00","24"
"56350","2013-11-28","40","105.00","24"
"56358","2013-11-28","120","2.70","353"
"56291","2013-11-28","8","87.00","360"
"56486","2013-11-29","25","3.50","84"
"56487","2013-11-29","20","15.00","84"
"56863","2013-12-02","80","105.00","164"
"56865","2013-12-02","213","2.90","164"
"56866","2013-12-02","30","112.00","283"
"56784","2013-12-02","3","1899.00","316"
"56786","2013-12-02","20","105.00","316"
"57039","2013-12-03","90","37.50","196"
"57453","2013-12-04","4","34.00","79"
"57454","2013-12-04","2","45.00","79"
"57569","2013-12-05","25","1.89","266"
"57570","2013-12-05","7","240.00","266"
"57799","2013-12-06","36","2.70","296"
"57833","2013-12-06","20","12.50","119"
"57765","2013-12-06","72","2.70","61"
"57718","2013-12-06","60","18.50","393"
"58051","2013-12-09","90","24.00","325"
"58052","2013-12-09","40","50.00","325"
"58101","2013-12-09","9","240.00","39"
"58444","2013-12-11","90","99.00","195"
"58647","2013-12-13","52","2.90","38"
"58649","2013-12-13","25","1.11","38"
"58651","2013-12-13","1","240.00","38"
"58672","2013-12-13","125",".66","181"
"58677","2013-12-13","60","33.00","311"
"59076","2013-12-17","75","1.14","67"
"59364","2013-12-18","40","102.00","265"
"59374","2013-12-18","1","34.00","307"
"59375","2013-12-18","84","2.70","307"
"59409","2013-12-18","5","34.00","85"
"59411","2013-12-18","30","22.00","85"
"60180","2013-12-24","7","34.00","262"
"60394","2013-12-24","20","2.40","289"
"60342","2013-12-24","90","37.00","39"
"60491","2013-12-25","5","34.00","241"
"60514","2013-12-25","3","34.00","282"
"60549","2013-12-25","213",".95","285"
"60576","2013-12-25","5","285.00","363"
"60577","2013-12-25","5","285.00","310"
"60717","2013-12-26","96","2.70","153"
"60718","2013-12-26","175","2.55","153"
"60762","2013-12-26","6","345.00","308"
"60819","2013-12-27","60","20.00","271"
"60899","2013-12-27","2","45.00","310"
"60943","2013-12-27","36","2.70","177"
"60969","2013-12-27","9","1899.00","200"
"61099","2013-12-28","8","34.00","164"
"61161","2013-12-30","200","3.50","51"
"61183","2013-12-30","80","108.00","389"
"61203","2013-12-30","40","29.00","214"
"61204","2013-12-30","4","34.00","214"
"61206","2013-12-30","70","112.00","214"
"61320","2013-12-30","1","240.00","372"
"61578","2013-12-31","25","3.50","171"
"61579","2013-12-31","108","2.70","171"
"61541","2013-12-31","40","12.50","247"
"113","2013-01-01","75","1.14","330"
"101","2013-01-01","80","50.00","105"
"109","2013-01-01","90","102.00","387"
"145","2013-01-01","45","2.40","10"
"152","2013-01-01","90","48.00","346"
"179","2013-01-02","36","2.70","58"
"202","2013-01-02","7","34.00","258"
"221","2013-01-02","5","87.00","393"
"244","2013-01-02","60","42.00","28"
"248","2013-01-02","30","29.00","127"
"295","2013-01-02","96","2.70","244"
"2910","2013-01-18","40","102.00","3"
"2915","2013-01-18","125","1.05","85"
"2928","2013-01-18","200","1.05","304"
"2929","2013-01-18","9","87.00","304"
"2933","2013-01-18","175","1.05","238"
"2956","2013-01-18","5","285.00","292"
"2958","2013-01-18","90","37.50","292"
"2963","2013-01-18","5","34.00","329"
"2966","2013-01-18","60","4.30","69"
"2974","2013-01-18","150",".66","126"
"2976","2013-01-18","213","1.28","126"
"2977","2013-01-18","9","285.00","126"
"2979","2013-01-18","7","240.00","352"
"2982","2013-01-18","3","34.00","228"
"2984","2013-01-18","90","4.50","228"
"2990","2013-01-18","6","285.00","149"
"3020","2013-01-18","25","1.05","314"
"3026","2013-01-18","60","102.00","59"
"3033","2013-01-18","15","1.89","400"
"3043","2013-01-18","213","2.90","61"
"3057","2013-01-18","40","99.00","98"
"3058","2013-01-18","40","37.00","98"
"3069","2013-01-18","30","29.00","46"
"3073","2013-01-18","125","1.28","40"
"3080","2013-01-18","30","12.50","94"
"3083","2013-01-18","20","37.50","283"
"3090","2013-01-18","200","2.55","22"
"3096","2013-01-18","3","87.00","16"
"3098","2013-01-18","25","2.10","5"
"3114","2013-01-18","96","2.70","321"
"3127","2013-01-18","150","2.10","215"
"3129","2013-01-18","60","33.00","215"
"3135","2013-01-18","200","2.10","86"
"3144","2013-01-18","12","2.70","56"
"4157","2013-01-26","40","4.30","161"
"4160","2013-01-26","6","1899.00","161"
"4176","2013-01-26","7","345.00","28"
"4190","2013-01-26","70","4.50","366"
"4191","2013-01-26","40","99.00","366"
"4204","2013-01-26","20","20.00","307"
"4211","2013-01-26","175","1.11","221"
"4212","2013-01-26","75",".95","221"
"4236","2013-01-26","70","108.00","63"
"4258","2013-01-26","20","20.00","155"
"4264","2013-01-26","6","240.00","347"
"4271","2013-01-26","72","2.70","370"
"4274","2013-01-26","175","3.50","370"
"6951","2013-02-13","200",".95","189"
"6962","2013-02-13","90","48.00","158"
"7007","2013-02-13","6","45.00","254"
"7011","2013-02-13","9","34.00","76"
"6980","2013-02-13","75","2.74","210"
"9978","2013-03-06","213",".95","333"
"9979","2013-03-06","90","42.00","333"
"10000","2013-03-06","175","1.05","85"
"10001","2013-03-06","7","90.00","85"
"9917","2013-03-06","3","285.00","339"
"10085","2013-03-06","30","20.00","178"
"10044","2013-03-06","7","87.00","161"
"10046","2013-03-06","8","240.00","161"
"10072","2013-03-06","213","1.11","64"
"10075","2013-03-06","75","1.14","64"
"17656","2013-04-18","15","1.89","241"
"17751","2013-04-19","30","12.50","16"
"17769","2013-04-19","90","112.00","297"
"17989","2013-04-20","6","1899.00","40"
"18054","2013-04-20","7","45.00","77"
"18226","2013-04-22","213","1.05","195"
"18227","2013-04-22","70","29.00","195"
"18387","2013-04-23","213","2.55","141"
"18389","2013-04-23","175","1.05","141"
"18496","2013-04-23","4","87.00","245"
"18499","2013-04-23","84","2.70","245"
"19356","2013-04-29","120","2.70","204"
"19305","2013-04-29","24","2.70","157"
"19451","2013-04-30","125","1.05","381"
"19464","2013-04-30","70","42.00","107"
"19487","2013-04-30","8","34.00","202"
"19497","2013-04-30","8","34.00","281"
"19498","2013-04-30","5","1.89","281"
"19600","2013-04-30","40","12.50","377"
"19815","2013-05-01","40","112.00","300"
"19816","2013-05-01","60","48.00","300"
"19913","2013-05-02","30","26.00","230"
"20012","2013-05-02","75","1.11","397"
"20014","2013-05-02","140","3.50","397"
"20368","2013-05-04","40","3.50","277"
"20403","2013-05-04","213",".66","71"
"20691","2013-05-06","1","1899.00","316"
"20771","2013-05-06","213","2.90","35"
"20884","2013-05-07","8","90.00","144"
"21015","2013-05-08","213","2.90","381"
"21038","2013-05-08","6","345.00","62"
"21039","2013-05-08","80","12.50","62"
"21078","2013-05-08","70","22.00","183"
"21270","2013-05-09","200","2.74","219"
"21271","2013-05-09","7","34.00","219"
"21272","2013-05-09","8","90.00","219"
"21451","2013-05-09","30","24.00","279"
"21452","2013-05-09","80","42.00","279"
"21489","2013-05-09","2","87.00","221"
"21350","2013-05-09","213","2.10","198"
"21535","2013-05-09","213","2.90","48"
"21562","2013-05-10","40","20.00","294"
"21595","2013-05-10","1","90.00","308"
"21706","2013-05-10","200",".66","47"
"21614","2013-05-10","80","20.00","255"
"21615","2013-05-10","9","90.00","255"
"21616","2013-05-10","40","37.00","255"
"21818","2013-05-11","20","24.00","62"
"21822","2013-05-11","20","15.00","62"
"22087","2013-05-13","80","26.00","151"
"21981","2013-05-13","9","1899.00","290"
"21982","2013-05-13","6","240.00","290"
"22012","2013-05-13","8","285.00","259"
"22013","2013-05-13","30","108.00","259"
"22154","2013-05-14","20","3.50","290"
"22195","2013-05-14","160","3.50","124"
"22254","2013-05-14","80","4.50","388"
"22267","2013-05-14","175","1.14","304"
"22301","2013-05-14","3","90.00","45"
"22380","2013-05-15","8","34.00","356"
"22535","2013-05-15","8","240.00","32"
"22680","2013-05-16","1","240.00","126"
"22681","2013-05-16","20","4.30","126"
"22741","2013-05-17","96","2.70","152"
"22753","2013-05-17","125","2.10","373"
"22755","2013-05-17","8","240.00","373"
"22780","2013-05-17","2","240.00","63"
"22781","2013-05-17","40","105.00","63"
"23708","2013-05-23","75","1.14","46"
"23851","2013-05-23","6","285.00","119"
"23852","2013-05-23","213","2.74","119"
"23771","2013-05-23","30","1.89","2"
"23773","2013-05-23","213","1.14","2"
"23798","2013-05-23","213","1.05","163"
"23759","2013-05-23","125","2.74","190"
"23969","2013-05-24","30","20.00","183"
"23970","2013-05-24","9","87.00","183"
"24123","2013-05-24","80","33.00","182"
"24138","2013-05-25","90","48.00","286"
"10170","2013-03-07","5","240.00","57"
"10661","2013-03-08","8","1899.00","328"
"10609","2013-03-08","2","345.00","331"
"10622","2013-03-08","30","102.00","130"
"10625","2013-03-08","6","240.00","130"
"10626","2013-03-08","90","29.00","130"
"10660","2013-03-08","80","18.50","328"
"10722","2013-03-09","70","37.00","106"
"10751","2013-03-09","75","2.10","387"
"10752","2013-03-09","3","1899.00","387"
"11344","2013-03-13","25",".95","123"
"11504","2013-03-13","75","1.11","321"
"11505","2013-03-13","1","345.00","321"
"11506","2013-03-13","4","34.00","321"
"11440","2013-03-13","208","2.90","68"
"11519","2013-03-14","45","2.40","347"
"11562","2013-03-14","48","2.70","245"
"11566","2013-03-14","200","2.55","319"
"11601","2013-03-14","175","2.74","191"
"11906","2013-03-15","6","87.00","6"
"11927","2013-03-15","35","1.89","296"
"12468","2013-03-19","90","105.00","323"
"12469","2013-03-19","9","345.00","323"
"12470","2013-03-19","9","240.00","323"
"12547","2013-03-19","2","90.00","301"
"12656","2013-03-20","213","1.28","27"
"12706","2013-03-20","90","108.00","48"
"12708","2013-03-20","70","22.00","48"
"12765","2013-03-20","20","33.00","210"
"12825","2013-03-20","5","45.00","214"
"12903","2013-03-21","213",".95","291"
"12905","2013-03-21","30","1.89","291"
"13157","2013-03-22","7","240.00","26"
"13159","2013-03-22","7","285.00","26"
"13314","2013-03-22","9","45.00","97"
"13316","2013-03-22","213","2.74","97"
"13540","2013-03-25","5","1.89","302"
"13543","2013-03-25","175",".66","302"
"13581","2013-03-25","8","45.00","177"
"13765","2013-03-26","213","1.05","190"
"14139","2013-03-28","60","3.50","112"
"14192","2013-03-28","200","2.74","78"
"14141","2013-03-28","30","37.00","112"
"14166","2013-03-28","6","1899.00","278"
"14168","2013-03-28","25",".66","278"
"14418","2013-04-01","90","24.00","261"
"14469","2013-04-01","120","3.50","190"
"14509","2013-04-01","5","90.00","297"
"14510","2013-04-01","175","3.50","297"
"14520","2013-04-01","160","3.50","65"
"14521","2013-04-01","40","50.00","65"
"14522","2013-04-01","125","3.50","65"
"14853","2013-04-02","3","345.00","388"
"14854","2013-04-02","80","37.50","388"
"14890","2013-04-03","9","285.00","162"
"14939","2013-04-03","70","20.00","43"
"14941","2013-04-03","9","345.00","43"
"14988","2013-04-03","200",".95","29"
"15586","2013-04-05","20","18.50","234"
"15509","2013-04-05","70","24.00","57"
"15965","2013-04-09","70","22.00","221"
"16301","2013-04-11","90","105.00","111"
"16410","2013-04-11","80","4.30","94"
"16433","2013-04-12","60","105.00","125"
"16475","2013-04-12","80","3.50","47"
"16939","2013-04-15","9","90.00","15"
"17120","2013-04-16","120","2.70","378"
"16994","2013-04-16","45","2.40","365"
"17052","2013-04-16","4","240.00","273"
"17264","2013-04-17","25","2.40","400"
"17683","2013-04-18","7","87.00","342"
"17889","2013-04-19","213",".66","32"
"17855","2013-04-19","20","105.00","230"
"17877","2013-04-19","80","29.00","367"
"17995","2013-04-20","175","3.50","40"
"18281","2013-04-22","4","285.00","401"
"18284","2013-04-22","80","3.50","401"
"18140","2013-04-22","40","45.00","130"
"18193","2013-04-22","125","1.11","356"
"18194","2013-04-22","213","2.10","356"
"18202","2013-04-22","40","4.50","250"
"18204","2013-04-22","9","285.00","250"
"18214","2013-04-22","125","1.11","278"
"18420","2013-04-23","30","4.50","354"
"52684","2013-11-07","3","345.00","175"
"53152","2013-11-11","70","4.30","341"
"53337","2013-11-12","213","2.04","199"
"53260","2013-11-12","40","4.30","357"
"53647","2013-11-13","150",".95","389"
"53650","2013-11-13","6","87.00","389"
"53665","2013-11-13","125","1.14","123"
"53433","2013-11-13","60","15.00","158"
"53815","2013-11-14","20","2.40","59"
"54015","2013-11-15","60","45.00","95"
"54138","2013-11-16","200","2.04","296"
"54141","2013-11-16","70","112.00","296"
"54418","2013-11-18","200","2.04","249"
"54442","2013-11-18","3","34.00","5"
"54730","2013-11-19","24","2.70","295"
"54582","2013-11-19","20","18.50","37"
"54829","2013-11-20","60","26.00","289"
"54845","2013-11-20","60","48.00","168"
"55073","2013-11-21","75",".95","12"
"55086","2013-11-21","5","240.00","39"
"55120","2013-11-21","75","1.11","397"
"55202","2013-11-21","3","34.00","27"
"55224","2013-11-21","1","34.00","215"
"55576","2013-11-25","60","2.70","383"
"55771","2013-11-26","20","18.50","27"
"55847","2013-11-26","60","45.00","196"
"55958","2013-11-26","60","4.30","373"
"55960","2013-11-26","20","37.00","373"
"56114","2013-11-27","3","45.00","218"
"56116","2013-11-27","2","240.00","218"
"56408","2013-11-28","70","26.00","2"
"56281","2013-11-28","6","285.00","322"
"56282","2013-11-28","213","2.55","322"
"56534","2013-11-29","5","1899.00","222"
"56501","2013-11-29","5","34.00","3"
"56834","2013-12-02","125","2.10","278"
"56793","2013-12-02","175","2.74","55"
"56794","2013-12-02","125","2.10","55"
"56797","2013-12-02","60","99.00","55"
"57000","2013-12-03","2","345.00","83"
"57136","2013-12-03","90","26.00","400"
"57146","2013-12-03","30","15.00","153"
"57148","2013-12-03","35","1.89","153"
"57150","2013-12-03","2","285.00","369"
"57323","2013-12-04","60","108.00","387"
"57328","2013-12-04","5","34.00","28"
"57411","2013-12-04","213","2.55","49"
"57423","2013-12-04","1","240.00","75"
"57432","2013-12-04","20","112.00","109"
"57462","2013-12-04","70","4.30","110"
"57499","2013-12-05","150","2.04","358"
"57500","2013-12-05","6","240.00","358"
"57505","2013-12-05","90","24.00","358"
"57917","2013-12-07","24","2.70","44"
"58001","2013-12-09","8","1899.00","298"
"58292","2013-12-10","80","99.00","189"
"58294","2013-12-10","70","22.00","189"
"58390","2013-12-11","90","105.00","174"
"58391","2013-12-11","40","48.00","174"
"58481","2013-12-11","1","240.00","306"
"58559","2013-12-12","90","18.50","86"
"58605","2013-12-12","175","1.05","201"
"58606","2013-12-12","8","285.00","201"
"58646","2013-12-13","125","1.28","359"
"58667","2013-12-13","60","45.00","1"
"58730","2013-12-13","213","1.05","358"
"58767","2013-12-13","20","2.40","246"
"58776","2013-12-13","9","87.00","359"
"58777","2013-12-13","7","1899.00","359"
"59006","2013-12-16","70","108.00","392"
"59113","2013-12-17","6","45.00","294"
"59114","2013-12-17","3","240.00","294"
"59272","2013-12-17","3","1899.00","79"
"59175","2013-12-17","200","3.50","207"
"59342","2013-12-18","213",".66","58"
"59381","2013-12-18","8","285.00","4"
"59622","2013-12-19","70","24.00","37"
"59623","2013-12-19","156","2.90","37"
"59519","2013-12-19","60","29.00","249"
"59547","2013-12-19","213","1.11","24"
"59735","2013-12-20","30","37.00","328"
"59789","2013-12-20","60","26.00","181"
"60664","2013-12-26","200","2.04","11"
"60802","2013-12-27","8","34.00","402"
"60814","2013-12-27","150","2.04","34"
"60886","2013-12-27","90","48.00","398"
"60892","2013-12-27","7","345.00","309"
"61065","2013-12-27","2","1899.00","320"
"61066","2013-12-27","20","45.00","320"
"40","2013-01-01","6","34.00","224"
"67","2013-01-01","200","1.28","268"
"514","2013-01-03","75","1.05","348"
"532","2013-01-03","150",".95","222"
"539","2013-01-03","125","1.05","243"
"737","2013-01-05","20","48.00","116"
"738","2013-01-05","40","20.00","116"
"740","2013-01-05","150","2.74","140"
"1201","2013-01-08","20","50.00","86"
"1219","2013-01-08","213","2.10","150"
"1575","2013-01-10","125","2.55","157"
"1718","2013-01-11","60","42.00","373"
"1722","2013-01-11","20","12.50","373"
"1741","2013-01-11","40","37.50","290"
"1758","2013-01-11","213","1.05","274"
"1805","2013-01-11","40","24.00","256"
"2066","2013-01-14","213","2.04","381"
"2123","2013-01-14","70","102.00","214"
"2632","2013-01-16","175","3.50","78"
"2947","2013-01-18","20","33.00","273"
"2948","2013-01-18","35","2.40","273"
"2960","2013-01-18","90","102.00","67"
"3071","2013-01-18","125","1.28","298"
"3359","2013-01-21","20","112.00","93"
"3425","2013-01-22","36","2.70","25"
"3699","2013-01-23","1","34.00","46"
"3810","2013-01-24","80","42.00","127"
"3835","2013-01-24","40","105.00","173"
"4006","2013-01-25","60","20.00","84"
"4097","2013-01-25","4","34.00","122"
"4111","2013-01-25","24","2.70","211"
"4150","2013-01-25","48","2.70","369"
"4151","2013-01-25","60","3.50","369"
"4203","2013-01-26","1","285.00","318"
"4736","2013-01-29","7","240.00","156"
"4739","2013-01-29","40","45.00","156"
"5262","2013-01-31","30","20.00","270"
"5407","2013-02-01","60","15.00","200"
"5740","2013-02-04","4","34.00","106"
"5743","2013-02-04","213","1.14","106"
"5744","2013-02-04","70","18.50","106"
"5775","2013-02-04","200","2.04","195"
"5803","2013-02-04","40","26.00","311"
"5820","2013-02-04","25","1.28","163"
"6123","2013-02-07","9","90.00","397"
"6124","2013-02-07","140","3.50","397"
"6202","2013-02-07","8","34.00","52"
"6203","2013-02-07","70","4.50","52"
"6204","2013-02-07","30","24.00","52"
"6331","2013-02-08","30","33.00","174"
"6337","2013-02-08","7","45.00","310"
"6451","2013-02-09","26","2.90","355"
"6477","2013-02-09","175","1.05","29"
"6582","2013-02-11","120","2.70","241"
"6612","2013-02-11","20","22.00","387"
"6613","2013-02-11","20","48.00","387"
"6750","2013-02-11","5","1899.00","174"
"6658","2013-02-11","5","2.40","244"
"6857","2013-02-12","60","3.50","186"
"6859","2013-02-12","213","2.90","186"
"6860","2013-02-12","213",".66","186"
"6899","2013-02-12","175",".66","28"
"6901","2013-02-12","70","112.00","28"
"6969","2013-02-13","30","1.89","210"
"6971","2013-02-13","1","240.00","210"
"6972","2013-02-13","213","1.11","210"
"7120","2013-02-14","70","42.00","150"
"7136","2013-02-14","213","2.90","95"
"7184","2013-02-14","8","345.00","330"
"7310","2013-02-15","213","2.04","187"
"7396","2013-02-16","7","87.00","222"
"7771","2013-02-19","60","2.70","165"
"7773","2013-02-19","80","105.00","165"
"7803","2013-02-19","5","1899.00","184"
"7864","2013-02-20","40","12.50","144"
"7878","2013-02-20","25","1.89","282"
"8359","2013-02-23","70","24.00","355"
"8361","2013-02-23","5","285.00","355"
"8377","2013-02-23","20","12.50","325"
"8433","2013-02-23","75","1.14","206"
"8530","2013-02-25","4","345.00","332"
"9502","2013-03-04","1","240.00","64"
"9503","2013-03-04","2","45.00","64"
"9465","2013-03-04","15","2.40","354"
"9976","2013-03-06","8","34.00","343"
"10004","2013-03-06","30","1.89","104"
"10015","2013-03-06","7","34.00","232"
"10016","2013-03-06","70","105.00","232"
"10223","2013-03-07","1","240.00","98"
"10308","2013-03-07","7","90.00","334"
"10310","2013-03-07","8","34.00","334"
"10712","2013-03-09","200",".66","25"
"10860","2013-03-11","20","12.50","271"
"10861","2013-03-11","90","4.30","271"
"10905","2013-03-11","40","4.30","230"
"10989","2013-03-11","3","45.00","356"
"10990","2013-03-11","60","33.00","356"
"11011","2013-03-11","4","34.00","128"
"11013","2013-03-11","30","24.00","128"
"11396","2013-03-13","1","34.00","306"
"11589","2013-03-14","25","1.05","63"
"11590","2013-03-14","213",".66","63"
"52135","2013-11-04","213","1.28","91"
"52137","2013-11-04","60","37.50","271"
"52162","2013-11-04","70","4.50","201"
"52603","2013-11-07","6","87.00","299"
"52668","2013-11-07","2","285.00","381"
"53254","2013-11-12","60","22.00","402"
"53255","2013-11-12","90","12.50","402"
"53653","2013-11-13","30","102.00","372"
"53430","2013-11-13","72","2.70","381"
"53443","2013-11-13","24","2.70","119"
"53468","2013-11-13","80","22.00","116"
"53474","2013-11-13","5","45.00","336"
"53556","2013-11-13","30","37.00","287"
"53712","2013-11-14","7","34.00","31"
"53713","2013-11-14","60","24.00","31"
"53729","2013-11-14","70","26.00","356"
"53799","2013-11-14","75","1.14","80"
"53801","2013-11-14","20","108.00","80"
"53812","2013-11-14","213","2.74","251"
"53977","2013-11-15","25","1.11","50"
"54062","2013-11-15","60","33.00","400"
"54155","2013-11-16","7","90.00","71"
"54198","2013-11-16","5","1899.00","203"
"54229","2013-11-18","40","102.00","86"
"54230","2013-11-18","70","37.50","86"
"54232","2013-11-18","80","105.00","86"
"54233","2013-11-18","6","1899.00","86"
"54491","2013-11-18","36","2.70","360"
"54768","2013-11-20","108","2.70","79"
"54876","2013-11-20","40","48.00","10"
"55170","2013-11-21","70","37.00","275"
"55376","2013-11-22","25","2.10","190"
"55453","2013-11-23","1","87.00","123"
"55454","2013-11-23","180","3.50","123"
"55587","2013-11-25","9","240.00","251"
"55618","2013-11-25","150","2.10","195"
"55627","2013-11-25","40","50.00","90"
"55743","2013-11-26","2","87.00","384"
"55762","2013-11-26","40","4.30","288"
"55975","2013-11-26","90","99.00","253"
"56411","2013-11-28","213","3.50","392"
"56706","2013-12-02","30","112.00","315"
"57056","2013-12-03","20","4.30","111"
"57118","2013-12-03","90","18.50","146"
"57119","2013-12-03","40","50.00","146"
"57303","2013-12-04","30","4.50","203"
"57304","2013-12-04","175",".95","203"
"57409","2013-12-04","60","26.00","95"
"57419","2013-12-04","175","1.28","373"
"57851","2013-12-06","2","45.00","73"
"57853","2013-12-06","75","1.28","73"
"57754","2013-12-06","175",".66","144"
"58060","2013-12-09","213","3.50","275"
"58063","2013-12-09","150","2.55","359"
"58064","2013-12-09","20","26.00","359"
"58327","2013-12-10","60","2.70","302"
"58252","2013-12-10","175","3.50","34"
"58254","2013-12-10","90","22.00","34"
"58387","2013-12-11","90","37.50","103"
"58395","2013-12-11","213",".66","40"
"58488","2013-12-11","40","2.40","321"
"58526","2013-12-12","60","112.00","310"
"58527","2013-12-12","213","1.28","310"
"58567","2013-12-12","4","87.00","92"
"58569","2013-12-12","25","3.50","92"
"58570","2013-12-12","9","90.00","92"
"58797","2013-12-13","30","108.00","119"
"58870","2013-12-16","90","48.00","192"
"59048","2013-12-17","6","285.00","144"
"59050","2013-12-17","25","1.89","144"
"59097","2013-12-17","4","34.00","217"
"59098","2013-12-17","4","285.00","217"
"59207","2013-12-17","60","24.00","320"
"59208","2013-12-17","5","345.00","320"
"59162","2013-12-17","200",".95","8"
"59495","2013-12-19","1","34.00","16"
"59636","2013-12-19","25","1.11","265"
"59721","2013-12-20","20","108.00","238"
"59722","2013-12-20","60","2.70","238"
"59724","2013-12-20","30","112.00","238"
"59784","2013-12-20","40","48.00","114"
"59905","2013-12-21","20","26.00","6"
"60385","2013-12-24","60","48.00","103"
"60325","2013-12-24","30","105.00","178"
"60207","2013-12-24","213","2.10","350"
"60208","2013-12-24","213","2.90","350"
"60210","2013-12-24","80","105.00","350"
"60248","2013-12-24","80","4.30","35"
"60266","2013-12-24","175",".66","187"
"60447","2013-12-25","8","90.00","238"
"60451","2013-12-25","75",".66","136"
"60478","2013-12-25","60","22.00","398"
"60558","2013-12-25","20","37.50","98"
"60563","2013-12-25","90","42.00","62"
"60564","2013-12-25","200","2.04","62"
"60586","2013-12-25","213","1.14","253"
"60604","2013-12-25","150","1.11","193"
"60749","2013-12-26","8","34.00","311"
"60981","2013-12-27","6","345.00","12"
"61093","2013-12-28","5","240.00","260"
"61256","2013-12-30","8","90.00","131"
"61621","2013-12-31","3","34.00","314"
"61517","2013-12-31","70","29.00","139"
"61397","2013-12-31","9","240.00","360"
"31763","2013-07-05","150","2.55","349"
"31764","2013-07-05","48","2.70","349"
"31913","2013-07-05","213","1.11","158"
"31914","2013-07-05","80","42.00","158"
"31921","2013-07-05","40","12.50","12"
"32494","2013-07-09","30","99.00","153"
"32449","2013-07-09","60","15.00","256"
"32345","2013-07-09","60","37.00","266"
"32346","2013-07-09","2","1899.00","266"
"32348","2013-07-09","30","48.00","251"
"32379","2013-07-09","3","285.00","238"
"32380","2013-07-09","2","240.00","238"
"32603","2013-07-10","20","105.00","319"
"32651","2013-07-10","8","345.00","255"
"32813","2013-07-10","20","108.00","207"
"32565","2013-07-10","20","26.00","191"
"33202","2013-07-12","3","45.00","299"
"33248","2013-07-13","2","285.00","170"
"33293","2013-07-13","5","34.00","266"
"33297","2013-07-13","90","102.00","266"
"33398","2013-07-15","48","2.70","13"
"33402","2013-07-15","25","2.04","13"
"33403","2013-07-15","20","20.00","123"
"33405","2013-07-15","80","22.00","123"
"33406","2013-07-15","75","1.05","123"
"33462","2013-07-15","6","34.00","133"
"33528","2013-07-15","4","240.00","297"
"33937","2013-07-16","4","240.00","282"
"33686","2013-07-16","4","34.00","316"
"33720","2013-07-16","200",".95","305"
"33723","2013-07-16","80","18.50","305"
"34034","2013-07-17","1","240.00","157"
"34305","2013-07-18","70","45.00","79"
"34307","2013-07-18","175","2.04","79"
"34316","2013-07-18","75","1.14","208"
"34317","2013-07-18","40","37.50","208"
"34467","2013-07-19","150","1.05","227"
"34585","2013-07-19","4","34.00","126"
"34658","2013-07-19","213","2.55","116"
"34827","2013-07-20","5","285.00","42"
"34854","2013-07-22","60","102.00","20"
"34856","2013-07-22","200","2.55","20"
"34857","2013-07-22","75","3.50","20"
"35332","2013-07-24","150","2.74","24"
"35480","2013-07-24","60","18.50","80"
"35490","2013-07-24","5","34.00","83"
"35634","2013-07-25","20","42.00","216"
"35672","2013-07-25","72","2.70","396"
"35786","2013-07-26","20","22.00","262"
"35907","2013-07-26","72","2.70","311"
"35909","2013-07-26","60","105.00","311"
"35910","2013-07-26","125","2.74","311"
"35954","2013-07-27","70","108.00","17"
"36013","2013-07-27","20","105.00","300"
"36377","2013-07-30","9","240.00","172"
"36607","2013-07-31","40","3.50","376"
"36815","2013-08-02","6","90.00","211"
"37053","2013-08-03","1","87.00","224"
"37177","2013-08-05","9","240.00","12"
"37261","2013-08-05","60","48.00","17"
"37325","2013-08-05","25",".66","31"
"37336","2013-08-05","25",".66","332"
"37352","2013-08-05","213","2.74","300"
"37521","2013-08-06","1","34.00","201"
"37841","2013-08-08","70","105.00","237"
"37919","2013-08-08","30","22.00","26"
"37921","2013-08-08","60","2.70","26"
"38051","2013-08-09","3","345.00","272"
"38124","2013-08-09","90","4.50","200"
"38195","2013-08-10","30","45.00","244"
"38263","2013-08-10","200","1.14","247"
"38388","2013-08-12","84","2.70","78"
"38390","2013-08-12","150",".95","78"
"38625","2013-08-13","96","2.70","80"
"38700","2013-08-14","9","34.00","312"
"38969","2013-08-14","125","1.05","198"
"38837","2013-08-14","60","24.00","321"
"38838","2013-08-14","7","87.00","321"
"39075","2013-08-15","40","50.00","279"
"39077","2013-08-15","60","2.70","279"
"39172","2013-08-16","25","2.10","326"
"39905","2013-08-21","75","1.11","221"
"39752","2013-08-21","213","1.05","266"
"39754","2013-08-21","20","20.00","266"
"39800","2013-08-21","200",".66","177"
"40228","2013-08-23","20","20.00","136"
"40391","2013-08-26","60","4.30","45"
"40394","2013-08-26","8","87.00","45"
"40395","2013-08-26","25","2.40","45"
"40396","2013-08-26","70","42.00","273"
"40397","2013-08-26","156","2.90","273"
"40446","2013-08-26","175","2.10","148"
"40507","2013-08-26","6","34.00","77"
"40508","2013-08-26","213","1.28","77"
"40617","2013-08-27","175","2.10","200"
"40635","2013-08-27","125","1.05","147"
"40653","2013-08-27","6","285.00","33"
"40748","2013-08-28","75","2.10","42"
"40749","2013-08-28","9","240.00","42"
"40847","2013-08-28","30","105.00","69"
"40859","2013-08-28","1","240.00","398"
"40867","2013-08-28","20","24.00","176"
"40868","2013-08-28","90","18.50","176"
"41051","2013-08-29","70","45.00","389"
"41315","2013-08-30","125",".95","120"
"20517","2013-05-06","60","26.00","15"
"20835","2013-05-07","5","345.00","194"
"20897","2013-05-07","80","20.00","37"
"20906","2013-05-07","213","1.05","357"
"20983","2013-05-08","35","2.40","313"
"21105","2013-05-08","75","1.14","353"
"21268","2013-05-09","1","45.00","159"
"21321","2013-05-09","24","2.70","379"
"21322","2013-05-09","160","3.50","379"
"21655","2013-05-10","20","4.50","395"
"21659","2013-05-10","4","34.00","101"
"21881","2013-05-13","90","22.00","339"
"21938","2013-05-13","70","15.00","23"
"21940","2013-05-13","90","99.00","23"
"21942","2013-05-13","70","18.50","4"
"22007","2013-05-13","40","112.00","109"
"22008","2013-05-13","1","285.00","109"
"22010","2013-05-13","3","87.00","109"
"22011","2013-05-13","150","1.14","109"
"22018","2013-05-13","60","4.50","394"
"22115","2013-05-14","30","20.00","179"
"22220","2013-05-14","200","2.74","21"
"22221","2013-05-14","20","37.00","21"
"22269","2013-05-14","40","45.00","360"
"22270","2013-05-14","70","102.00","360"
"22271","2013-05-14","80","18.50","360"
"22273","2013-05-14","200","1.05","360"
"22329","2013-05-14","8","34.00","360"
"22330","2013-05-14","20","50.00","360"
"22867","2013-05-17","40","108.00","162"
"23287","2013-05-20","60","3.50","178"
"23149","2013-05-20","60","24.00","294"
"23151","2013-05-20","4","45.00","294"
"23709","2013-05-23","70","45.00","298"
"23711","2013-05-23","70","29.00","298"
"23990","2013-05-24","70","99.00","87"
"23991","2013-05-24","8","345.00","87"
"24702","2013-05-28","30","29.00","316"
"24545","2013-05-28","150","2.74","163"
"24523","2013-05-28","25","1.28","349"
"24525","2013-05-28","200","2.04","349"
"24771","2013-05-29","125","2.10","351"
"24772","2013-05-29","1","90.00","351"
"24792","2013-05-29","175","2.04","190"
"24808","2013-05-29","20","45.00","166"
"24811","2013-05-29","213","1.14","332"
"24813","2013-05-29","8","1899.00","332"
"24828","2013-05-29","60","99.00","235"
"24831","2013-05-29","213","2.55","235"
"24840","2013-05-29","125","2.04","157"
"24841","2013-05-29","6","240.00","157"
"24842","2013-05-29","108","2.70","157"
"25218","2013-05-31","20","1.89","154"
"25515","2013-06-03","75","2.04","225"
"25518","2013-06-03","200","1.14","225"
"25678","2013-06-03","7","285.00","111"
"25710","2013-06-03","25","1.05","14"
"25975","2013-06-04","213","1.05","19"
"25808","2013-06-04","213","1.28","116"
"26040","2013-06-05","3","1899.00","203"
"26160","2013-06-05","80","37.50","217"
"26161","2013-06-05","70","37.00","217"
"26164","2013-06-05","6","240.00","217"
"26550","2013-06-06","70","20.00","231"
"26300","2013-06-06","7","34.00","112"
"26567","2013-06-07","200","3.50","166"
"26570","2013-06-07","84","2.70","166"
"26592","2013-06-07","75","3.50","69"
"26823","2013-06-08","200","1.05","212"
"26851","2013-06-08","1","34.00","194"
"27099","2013-06-10","80","50.00","174"
"27112","2013-06-10","70","4.50","243"
"26957","2013-06-10","200",".95","67"
"26967","2013-06-10","213","2.74","233"
"26968","2013-06-10","200","3.50","233"
"26993","2013-06-10","213","2.90","350"
"27358","2013-06-11","8","240.00","117"
"27320","2013-06-11","40","33.00","50"
"27401","2013-06-12","48","2.70","57"
"27508","2013-06-12","30","105.00","73"
"27673","2013-06-13","125","1.11","309"
"27750","2013-06-14","2","90.00","123"
"28032","2013-06-15","2","45.00","200"
"28108","2013-06-17","130","2.90","334"
"28111","2013-06-17","20","24.00","334"
"28145","2013-06-17","24","2.70","109"
"28146","2013-06-17","6","45.00","109"
"28147","2013-06-17","125","2.10","109"
"28216","2013-06-18","20","29.00","168"
"28217","2013-06-18","200","3.50","168"
"28252","2013-06-18","213","1.05","296"
"28254","2013-06-18","175","2.55","296"
"28255","2013-06-18","175",".66","296"
"28512","2013-06-19","175","2.04","99"
"28631","2013-06-19","72","2.70","265"
"28711","2013-06-19","182","2.90","103"
"28721","2013-06-19","96","2.70","219"
"28733","2013-06-20","9","1899.00","383"
"28734","2013-06-20","70","99.00","383"
"28773","2013-06-20","5","1899.00","258"
"29089","2013-06-21","8","285.00","63"
"29110","2013-06-21","1","34.00","262"
"29111","2013-06-21","213","1.14","262"
"29129","2013-06-21","20","45.00","44"
"29132","2013-06-21","5","240.00","44"
"42726","2013-09-09","20","112.00","337"
"42732","2013-09-09","4","90.00","214"
"42629","2013-09-09","213","1.05","64"
"42801","2013-09-10","4","345.00","310"
"42803","2013-09-10","60","105.00","310"
"42986","2013-09-10","175","2.04","53"
"43014","2013-09-10","40","4.50","113"
"43023","2013-09-10","90","50.00","290"
"42866","2013-09-10","60","4.50","102"
"43128","2013-09-11","150","2.55","262"
"43131","2013-09-11","70","12.50","262"
"43233","2013-09-11","60","102.00","353"
"43234","2013-09-11","70","33.00","353"
"43558","2013-09-13","175","1.28","60"
"43560","2013-09-13","30","18.50","60"
"43571","2013-09-13","213","2.90","380"
"43572","2013-09-13","40","2.40","380"
"43573","2013-09-13","5","1.89","380"
"43844","2013-09-16","70","48.00","206"
"43872","2013-09-16","20","22.00","173"
"43997","2013-09-16","30","42.00","261"
"43998","2013-09-16","90","99.00","261"
"44191","2013-09-17","52","2.90","91"
"44454","2013-09-18","25","2.55","383"
"44456","2013-09-18","200","1.05","383"
"44346","2013-09-18","1","240.00","159"
"44775","2013-09-19","24","2.70","117"
"44783","2013-09-19","70","108.00","6"
"44613","2013-09-19","175","1.05","375"
"44639","2013-09-19","1","1899.00","289"
"44640","2013-09-19","90","29.00","289"
"44721","2013-09-19","15","2.40","331"
"44676","2013-09-19","2","240.00","21"
"44677","2013-09-19","213","1.05","21"
"44992","2013-09-21","200","1.05","240"
"44997","2013-09-21","175","2.04","112"
"45018","2013-09-21","25","1.89","130"
"45891","2013-09-25","25","1.05","106"
"45800","2013-09-25","20","2.40","176"
"45989","2013-09-26","70","45.00","297"
"46073","2013-09-26","60","33.00","48"
"46075","2013-09-26","5","90.00","48"
"45990","2013-09-26","40","4.30","44"
"46235","2013-09-27","200","2.55","381"
"46297","2013-09-28","200","1.14","313"
"46299","2013-09-28","213","1.05","313"
"46344","2013-09-28","6","240.00","139"
"46485","2013-09-30","8","285.00","130"
"46486","2013-09-30","24","2.70","130"
"46631","2013-10-01","25",".66","168"
"46635","2013-10-01","3","345.00","168"
"46929","2013-10-02","9","285.00","248"
"47180","2013-10-04","80","4.30","399"
"47297","2013-10-05","60","4.50","224"
"47298","2013-10-05","213","2.55","224"
"47343","2013-10-05","70","4.30","204"
"47391","2013-10-07","80","42.00","281"
"47449","2013-10-07","200","1.11","100"
"47546","2013-10-07","40","22.00","225"
"47564","2013-10-08","182","2.90","177"
"47830","2013-10-09","5","240.00","344"
"47863","2013-10-09","2","34.00","121"
"47935","2013-10-10","80","42.00","72"
"47969","2013-10-10","150","2.55","78"
"48015","2013-10-10","90","4.50","348"
"48063","2013-10-10","125",".66","95"
"48064","2013-10-10","150","2.55","95"
"48077","2013-10-10","5","240.00","284"
"48108","2013-10-10","75","1.14","209"
"48228","2013-10-11","30","4.30","136"
"48230","2013-10-11","40","112.00","136"
"48255","2013-10-11","30","2.40","25"
"48342","2013-10-11","125","1.14","209"
"48475","2013-10-12","8","90.00","320"
"48498","2013-10-14","20","12.50","220"
"48499","2013-10-14","150","2.74","220"
"48648","2013-10-14","40","33.00","132"
"48951","2013-10-16","30","45.00","94"
"49051","2013-10-16","2","90.00","202"
"49346","2013-10-18","5","34.00","59"
"49347","2013-10-18","175","1.11","59"
"49588","2013-10-21","20","105.00","401"
"49589","2013-10-21","7","345.00","401"
"49603","2013-10-21","60","20.00","254"
"49604","2013-10-21","4","285.00","254"
"49827","2013-10-22","1","34.00","77"
"49885","2013-10-22","7","345.00","361"
"50201","2013-10-24","25","1.05","2"
"50487","2013-10-25","20","42.00","5"
"50554","2013-10-25","25","2.10","261"
"50652","2013-10-25","2","345.00","198"
"50674","2013-10-25","200","1.05","347"
"50727","2013-10-26","25","1.28","202"
"50735","2013-10-26","9","285.00","275"
"51237","2013-10-29","130","2.90","23"
"51200","2013-10-29","120","2.70","248"
"51322","2013-10-30","75","2.55","303"
"51334","2013-10-30","4","240.00","138"
"51702","2013-10-31","20","20.00","158"
"51703","2013-10-31","72","2.70","158"
"51805","2013-11-01","40","15.00","226"
"51807","2013-11-01","3","34.00","226"
"51943","2013-11-02","20","3.50","83"
"51944","2013-11-02","80","29.00","83"
"51945","2013-11-02","20","12.50","83"
"51947","2013-11-02","60","102.00","83"
"10724","2013-03-09","40","105.00","324"
"10863","2013-03-11","9","240.00","356"
"10865","2013-03-11","30","37.50","356"
"10964","2013-03-11","40","45.00","190"
"11375","2013-03-13","30","20.00","129"
"11376","2013-03-13","20","2.40","129"
"11459","2013-03-13","70","108.00","341"
"11536","2013-03-14","213","1.05","251"
"11654","2013-03-14","1","34.00","360"
"11655","2013-03-14","1","240.00","360"
"11692","2013-03-14","4","240.00","100"
"11852","2013-03-15","2","34.00","318"
"11902","2013-03-15","120","2.70","334"
"11975","2013-03-15","200","1.05","316"
"12088","2013-03-16","90","24.00","377"
"12156","2013-03-16","1","45.00","187"
"12424","2013-03-19","90","112.00","103"
"12515","2013-03-19","90","105.00","338"
"12728","2013-03-20","96","2.70","91"
"12838","2013-03-20","7","345.00","312"
"12840","2013-03-20","90","26.00","312"
"13016","2013-03-21","70","33.00","124"
"13318","2013-03-22","20","50.00","305"
"13354","2013-03-23","9","34.00","394"
"13365","2013-03-23","175","2.10","251"
"13431","2013-03-23","5","285.00","242"
"13649","2013-03-25","2","285.00","130"
"13849","2013-03-27","40","18.50","96"
"14043","2013-03-27","9","345.00","152"
"14044","2013-03-27","70","4.30","152"
"14251","2013-03-29","36","2.70","32"
"14311","2013-03-29","200","2.74","162"
"14370","2013-03-30","40","102.00","339"
"14371","2013-03-30","20","18.50","339"
"14628","2013-04-01","30","26.00","380"
"14577","2013-04-01","60","2.70","126"
"14580","2013-04-01","175","2.10","126"
"14861","2013-04-02","60","15.00","315"
"14756","2013-04-02","125",".95","191"
"14777","2013-04-02","60","18.50","281"
"14778","2013-04-02","80","102.00","281"
"14779","2013-04-02","5","34.00","281"
"14780","2013-04-02","200","2.10","281"
"14914","2013-04-03","60","22.00","195"
"14915","2013-04-03","1","240.00","195"
"15039","2013-04-03","60","37.00","149"
"15429","2013-04-05","20","1.89","357"
"15568","2013-04-05","30","1.89","30"
"15570","2013-04-05","6","240.00","138"
"15575","2013-04-05","1","240.00","198"
"15596","2013-04-05","7","34.00","133"
"15987","2013-04-09","20","33.00","165"
"15973","2013-04-09","40","18.50","168"
"16002","2013-04-10","70","20.00","70"
"16003","2013-04-10","60","4.50","70"
"16004","2013-04-10","213","2.04","70"
"16028","2013-04-10","150","1.11","234"
"16029","2013-04-10","70","4.50","234"
"16127","2013-04-10","30","99.00","345"
"16159","2013-04-10","70","45.00","310"
"16160","2013-04-10","80","24.00","310"
"16295","2013-04-11","213","2.74","21"
"16357","2013-04-11","30","18.50","337"
"16394","2013-04-11","213","2.90","50"
"16395","2013-04-11","70","15.00","50"
"16446","2013-04-12","70","50.00","42"
"16497","2013-04-12","70","15.00","312"
"16678","2013-04-12","1","87.00","255"
"16570","2013-04-12","150","1.05","15"
"16982","2013-04-16","4","34.00","29"
"17171","2013-04-16","175","1.11","394"
"16983","2013-04-16","40","37.00","29"
"17262","2013-04-17","150","2.55","138"
"17441","2013-04-17","200","1.11","258"
"17445","2013-04-17","40","33.00","4"
"17386","2013-04-17","150","1.05","334"
"17387","2013-04-17","200","2.55","358"
"17421","2013-04-17","4","34.00","61"
"17335","2013-04-17","70","22.00","278"
"17336","2013-04-17","120","2.70","278"
"17906","2013-04-19","25","3.50","287"
"17908","2013-04-19","1","285.00","287"
"17723","2013-04-19","90","4.30","99"
"17724","2013-04-19","1","240.00","99"
"17758","2013-04-19","7","1899.00","149"
"18089","2013-04-20","30","112.00","278"
"18378","2013-04-23","125","2.55","185"
"18381","2013-04-23","9","285.00","185"
"18438","2013-04-23","30","112.00","387"
"18441","2013-04-23","4","285.00","387"
"18655","2013-04-24","213","2.90","119"
"18699","2013-04-24","7","34.00","50"
"18849","2013-04-25","75",".66","354"
"18853","2013-04-25","20","4.50","354"
"18868","2013-04-25","30","102.00","179"
"19132","2013-04-27","80","50.00","56"
"19133","2013-04-27","25","2.55","20"
"19136","2013-04-27","5","1899.00","20"
"19374","2013-04-29","130","2.90","300"
"19291","2013-04-29","9","34.00","361"
"19643","2013-04-30","20","99.00","207"
"19649","2013-04-30","30","1.89","50"
"19818","2013-05-01","12","2.70","176"
"19829","2013-05-01","4","1899.00","148"
"19831","2013-05-01","40","4.30","148"
"20032","2013-05-02","80","50.00","116"
"20033","2013-05-02","30","29.00","116"
"20036","2013-05-02","200","2.10","124"
"20007","2013-05-02","9","240.00","216"
"20695","2013-05-06","36","2.70","20"
"20579","2013-05-06","213","2.10","198"
"20580","2013-05-06","4","87.00","198"
"20570","2013-05-06","7","240.00","48"
"20571","2013-05-06","8","240.00","48"
"20802","2013-05-07","80","42.00","178"
"21043","2013-05-08","30","22.00","372"
"21159","2013-05-08","5","285.00","37"
"21161","2013-05-08","84","2.70","37"
"21227","2013-05-08","6","240.00","301"
"21479","2013-05-09","80","37.50","294"
"21861","2013-05-13","40","26.00","190"
"22079","2013-05-13","60","3.50","230"
"22080","2013-05-13","213","2.55","230"
"22251","2013-05-14","30","45.00","384"
"22253","2013-05-14","8","45.00","384"
"22275","2013-05-14","30","4.30","97"
"22276","2013-05-14","70","26.00","97"
"22447","2013-05-15","80","37.50","245"
"22449","2013-05-15","30","99.00","245"
"22620","2013-05-16","60","2.70","346"
"22765","2013-05-17","20","4.30","120"
"22766","2013-05-17","1","87.00","120"
"22799","2013-05-17","20","4.50","229"
"22814","2013-05-17","20","108.00","98"
"22882","2013-05-17","4","87.00","198"
"29007","2013-06-20","90","26.00","35"
"28813","2013-06-20","80","99.00","110"
"28817","2013-06-20","40","50.00","18"
"29133","2013-06-21","3","45.00","217"
"29233","2013-06-21","8","345.00","313"
"29462","2013-06-24","5","1899.00","245"
"29391","2013-06-24","140","3.50","87"
"29778","2013-06-25","40","108.00","18"
"29779","2013-06-25","1","34.00","18"
"29711","2013-06-25","60","102.00","328"
"29746","2013-06-25","20","22.00","218"
"29747","2013-06-25","20","4.50","172"
"29633","2013-06-25","20","29.00","304"
"29980","2013-06-26","90","102.00","143"
"29940","2013-06-26","20","12.50","304"
"30500","2013-06-28","7","240.00","222"
"30741","2013-07-01","1","285.00","99"
"30859","2013-07-01","80","4.30","339"
"30770","2013-07-01","36","2.70","258"
"30918","2013-07-01","150","2.55","250"
"31368","2013-07-03","90","33.00","114"
"31382","2013-07-03","5","45.00","74"
"31759","2013-07-05","70","12.50","186"
"31892","2013-07-05","6","87.00","305"
"32514","2013-07-09","70","4.50","123"
"32518","2013-07-09","20","1.89","123"
"32455","2013-07-09","120","2.70","164"
"32662","2013-07-10","40","105.00","26"
"32762","2013-07-10","8","240.00","298"
"33197","2013-07-12","9","34.00","7"
"33456","2013-07-15","20","48.00","170"
"33483","2013-07-15","30","37.50","233"
"33491","2013-07-15","2","34.00","256"
"33533","2013-07-15","9","240.00","47"
"33535","2013-07-15","90","29.00","47"
"33536","2013-07-15","125","1.14","47"
"33585","2013-07-15","20","50.00","107"
"33890","2013-07-16","9","240.00","6"
"33892","2013-07-16","125","2.55","6"
"33764","2013-07-16","80","105.00","196"
"33766","2013-07-16","20","2.40","196"
"33791","2013-07-16","40","18.50","52"
"33792","2013-07-16","20","45.00","52"
"34002","2013-07-17","30","33.00","98"
"34044","2013-07-17","40","18.50","102"
"34116","2013-07-17","80","33.00","68"
"34123","2013-07-17","108","2.70","270"
"34625","2013-07-19","4","1899.00","156"
"34675","2013-07-19","120","2.70","307"
"34679","2013-07-19","30","22.00","307"
"34710","2013-07-20","40","48.00","7"
"34711","2013-07-20","20","37.00","7"
"35561","2013-07-25","20","1.89","96"
"35562","2013-07-25","60","29.00","96"
"35565","2013-07-25","30","2.40","261"
"35566","2013-07-25","200","2.04","261"
"35567","2013-07-25","24","2.70","261"
"35753","2013-07-25","150","2.10","30"
"35863","2013-07-26","150",".95","352"
"36344","2013-07-30","90","12.50","12"
"36738","2013-08-01","175",".66","249"
"36741","2013-08-01","213","1.05","249"
"36771","2013-08-02","213","2.74","181"
"36837","2013-08-02","25","1.14","281"
"36838","2013-08-02","2","345.00","281"
"36839","2013-08-02","80","4.30","281"
"37041","2013-08-03","5","1899.00","366"
"37105","2013-08-03","200","2.04","45"
"37162","2013-08-05","60","37.00","312"
"37230","2013-08-05","20","102.00","210"
"37234","2013-08-05","5","34.00","149"
"37235","2013-08-05","20","105.00","149"
"37236","2013-08-05","70","15.00","149"
"37256","2013-08-05","1","240.00","232"
"37401","2013-08-05","175","2.55","324"
"37404","2013-08-05","8","45.00","324"
"37560","2013-08-06","213","1.28","35"
"37761","2013-08-07","20","29.00","332"
"37764","2013-08-07","20","45.00","108"
"37765","2013-08-07","8","34.00","108"
"37884","2013-08-08","25","2.40","260"
"37914","2013-08-08","7","345.00","97"
"37918","2013-08-08","12","2.70","97"
"37948","2013-08-08","15","2.40","26"
"37949","2013-08-08","3","1899.00","26"
"38046","2013-08-09","80","4.50","266"
"38128","2013-08-09","6","34.00","262"
"38229","2013-08-10","8","34.00","362"
"38415","2013-08-12","90","29.00","281"
"38593","2013-08-13","30","15.00","220"
"38605","2013-08-13","2","34.00","347"
"38607","2013-08-13","30","1.89","347"
"38734","2013-08-14","80","22.00","272"
"38943","2013-08-14","8","240.00","295"
"38826","2013-08-14","175","2.55","390"
"39023","2013-08-15","80","22.00","87"
"39135","2013-08-16","60","33.00","9"
"39368","2013-08-19","9","34.00","385"
"39748","2013-08-21","8","90.00","312"
"39749","2013-08-21","5","34.00","312"
"39778","2013-08-21","80","12.50","52"
"39867","2013-08-21","8","240.00","213"
"39994","2013-08-22","2","240.00","82"
"39996","2013-08-22","40","37.50","82"
"40365","2013-08-26","7","34.00","280"
"40469","2013-08-26","25","2.10","19"
"40471","2013-08-26","52","2.90","19"
"40679","2013-08-27","70","112.00","342"
"40759","2013-08-28","125","2.10","71"
"40762","2013-08-28","60","50.00","71"
"40952","2013-08-28","200","1.05","6"
"40953","2013-08-28","25","3.50","6"
"41010","2013-08-29","156","2.90","357"
"41011","2013-08-29","75","2.04","357"
"41034","2013-08-29","200","2.55","263"
"41037","2013-08-29","90","37.50","263"
"41338","2013-08-30","70","4.30","97"
"41235","2013-08-30","20","29.00","143"
"41288","2013-08-30","80","4.30","335"
"41560","2013-09-02","6","285.00","49"
"41566","2013-09-02","108","2.70","251"
"41567","2013-09-02","200","1.28","251"
"41505","2013-09-02","5","45.00","121"
"41556","2013-09-02","75","1.28","49"
"41690","2013-09-03","9","240.00","65"
"41743","2013-09-03","84","2.70","157"
"41744","2013-09-03","7","240.00","157"
"41879","2013-09-04","30","37.00","118"
"41880","2013-09-04","150","1.11","118"
"41891","2013-09-04","213","1.05","397"
"41896","2013-09-04","5","1899.00","178"
"41897","2013-09-04","6","345.00","178"
"42060","2013-09-05","175","1.28","177"
"42063","2013-09-05","175","1.11","177"
"42124","2013-09-05","5","240.00","300"
"42258","2013-09-05","40","102.00","304"
"42457","2013-09-06","4","240.00","177"
"42539","2013-09-07","70","112.00","74"
"42540","2013-09-07","8","34.00","74"
"42858","2013-09-10","40","102.00","67"
"43161","2013-09-11","40","4.50","271"
"43259","2013-09-11","40","24.00","148"
"43195","2013-09-11","25","1.14","201"
"43197","2013-09-11","40","15.00","201"
"18680","2013-04-24","125",".95","138"
"18683","2013-04-24","40","99.00","138"
"18753","2013-04-24","3","1899.00","317"
"19206","2013-04-27","125","2.55","222"
"19428","2013-04-29","20","29.00","325"
"19429","2013-04-29","96","2.70","325"
"19556","2013-04-30","90","42.00","67"
"19629","2013-04-30","70","15.00","70"
"19654","2013-04-30","80","22.00","373"
"19796","2013-05-01","5","2.40","340"
"20054","2013-05-02","5","2.40","252"
"19917","2013-05-02","1","240.00","231"
"19930","2013-05-02","30","24.00","229"
"20447","2013-05-04","1","285.00","394"
"20466","2013-05-04","6","34.00","339"
"20475","2013-05-04","125","1.14","287"
"20638","2013-05-06","120","2.70","195"
"20639","2013-05-06","20","1.89","195"
"20545","2013-05-06","80","22.00","95"
"20763","2013-05-06","40","105.00","353"
"20874","2013-05-07","70","4.30","377"
"20875","2013-05-07","160","3.50","377"
"20879","2013-05-07","125","2.55","29"
"20921","2013-05-07","80","112.00","310"
"20922","2013-05-07","3","240.00","310"
"20925","2013-05-07","175","1.05","310"
"21231","2013-05-08","20","105.00","107"
"21288","2013-05-09","75",".66","63"
"21289","2013-05-09","175","1.28","63"
"21456","2013-05-09","2","34.00","399"
"21721","2013-05-10","30","37.00","209"
"21626","2013-05-10","5","240.00","142"
"21627","2013-05-10","40","112.00","142"
"21628","2013-05-10","80","12.50","142"
"21794","2013-05-11","208","2.90","20"
"21835","2013-05-11","80","29.00","187"
"22056","2013-05-13","30","18.50","388"
"22059","2013-05-13","6","34.00","388"
"22060","2013-05-13","70","105.00","388"
"22089","2013-05-13","75",".66","76"
"22005","2013-05-13","30","102.00","175"
"22006","2013-05-13","60","37.50","175"
"22260","2013-05-14","75","1.11","286"
"22515","2013-05-15","125",".95","288"
"22559","2013-05-16","80","37.50","30"
"22711","2013-05-16","40","1.89","209"
"22716","2013-05-16","6","1899.00","284"
"23133","2013-05-20","90","37.50","384"
"23329","2013-05-20","70","50.00","7"
"23162","2013-05-20","125","2.10","242"
"23830","2013-05-23","30","112.00","140"
"23831","2013-05-23","40","33.00","140"
"23835","2013-05-23","40","2.40","165"
"23745","2013-05-23","20","37.00","76"
"24027","2013-05-24","2","90.00","95"
"24051","2013-05-24","2","240.00","294"
"24052","2013-05-24","2","34.00","294"
"24053","2013-05-24","200","1.14","294"
"24378","2013-05-27","175","1.05","143"
"24268","2013-05-27","90","105.00","187"
"24297","2013-05-27","200","1.05","69"
"24661","2013-05-28","80","37.00","274"
"24711","2013-05-28","60","37.00","297"
"24729","2013-05-28","70","45.00","77"
"24749","2013-05-29","20","50.00","151"
"25096","2013-05-30","80","12.50","371"
"25134","2013-05-30","3","34.00","354"
"25070","2013-05-30","80","105.00","382"
"25072","2013-05-30","140","3.50","382"
"25344","2013-05-31","80","12.50","359"
"25227","2013-05-31","4","285.00","289"
"25651","2013-06-03","213","2.10","68"
"25744","2013-06-03","5","345.00","92"
"25955","2013-06-04","5","345.00","138"
"25801","2013-06-04","40","26.00","330"
"25803","2013-06-04","60","29.00","330"
"25851","2013-06-04","4","87.00","121"
"26022","2013-06-05","140","3.50","237"
"26364","2013-06-06","30","108.00","82"
"26574","2013-06-07","2","34.00","105"
"26625","2013-06-07","3","34.00","253"
"26747","2013-06-07","8","34.00","305"
"26677","2013-06-07","9","240.00","347"
"26681","2013-06-07","30","37.00","347"
"26690","2013-06-07","6","285.00","348"
"26935","2013-06-10","3","240.00","36"
"27087","2013-06-10","25","1.14","130"
"27088","2013-06-10","175",".66","130"
"27091","2013-06-10","213","2.90","209"
"27092","2013-06-10","6","90.00","209"
"27050","2013-06-10","182","2.90","208"
"27070","2013-06-10","80","50.00","27"
"27214","2013-06-11","1","87.00","176"
"27341","2013-06-11","125","2.55","232"
"27285","2013-06-11","80","37.00","216"
"27315","2013-06-11","80","22.00","287"
"27729","2013-06-14","45","2.40","237"
"28099","2013-06-17","90","45.00","301"
"28128","2013-06-17","7","45.00","205"
"28130","2013-06-17","25","3.50","205"
"28385","2013-06-18","70","102.00","282"
"28386","2013-06-18","1","34.00","282"
"28506","2013-06-19","70","48.00","401"
"28509","2013-06-19","60","37.50","401"
"28598","2013-06-19","4","87.00","343"
"28599","2013-06-19","200","2.74","343"
"28694","2013-06-19","1","1899.00","343"
"28697","2013-06-19","4","240.00","343"
"28896","2013-06-20","40","102.00","75"
"28992","2013-06-20","36","2.70","230"
"28749","2013-06-20","125","1.05","342"
"29205","2013-06-21","5","1.89","267"
"29207","2013-06-21","213","3.50","267"
"29213","2013-06-21","70","4.30","183"
"29261","2013-06-22","60","99.00","359"
"29310","2013-06-22","150","2.74","244"
"29313","2013-06-22","80","105.00","244"
"29543","2013-06-25","90","45.00","3"
"29616","2013-06-25","20","112.00","173"
"29880","2013-06-26","5","87.00","301"
"30308","2013-06-28","150",".66","371"
"30340","2013-06-28","1","90.00","314"
"30347","2013-06-28","60","99.00","101"
"30348","2013-06-28","70","18.50","101"
"30349","2013-06-28","60","20.00","101"
"30350","2013-06-28","175","1.14","101"
"30492","2013-06-28","20","33.00","23"
"30426","2013-06-28","175","1.14","193"
"30763","2013-07-01","125","2.04","265"
"30818","2013-07-01","120","2.70","312"
"31111","2013-07-02","36","2.70","113"
"31146","2013-07-02","3","240.00","397"
"31149","2013-07-02","25","1.14","97"
"31151","2013-07-02","5","34.00","97"
"31155","2013-07-02","4","240.00","260"
"31195","2013-07-02","70","45.00","231"
"31372","2013-07-03","200","3.50","388"
"31374","2013-07-03","4","240.00","388"
"31692","2013-07-04","3","34.00","161"
"31629","2013-07-04","9","285.00","366"
"31630","2013-07-04","3","34.00","366"
"31632","2013-07-04","36","2.70","366"
"31634","2013-07-04","156","2.90","38"
"31672","2013-07-04","80","102.00","371"
"29406","2013-06-24","80","4.30","40"
"29409","2013-06-24","30","42.00","40"
"29416","2013-06-24","5","45.00","359"
"29437","2013-06-24","60","29.00","298"
"29439","2013-06-24","3","34.00","298"
"29775","2013-06-25","60","108.00","371"
"29777","2013-06-25","80","50.00","371"
"29876","2013-06-26","200",".95","98"
"29895","2013-06-26","70","12.50","391"
"29897","2013-06-26","150","2.74","391"
"30351","2013-06-28","20","2.40","348"
"30531","2013-06-28","5","34.00","376"
"30532","2013-06-28","9","240.00","201"
"30545","2013-06-28","2","345.00","149"
"30660","2013-06-29","36","2.70","294"
"30662","2013-06-29","130","2.90","294"
"30820","2013-07-01","20","45.00","64"
"30900","2013-07-01","70","20.00","281"
"30924","2013-07-01","5","34.00","106"
"30953","2013-07-01","25",".66","389"
"31093","2013-07-02","6","240.00","131"
"31194","2013-07-02","40","105.00","396"
"31477","2013-07-03","200",".95","101"
"31825","2013-07-05","80","37.50","21"
"31970","2013-07-06","3","285.00","340"
"32262","2013-07-09","2","240.00","203"
"32682","2013-07-10","200","1.05","312"
"33134","2013-07-12","175",".95","142"
"33135","2013-07-12","3","240.00","142"
"33137","2013-07-12","72","2.70","142"
"33153","2013-07-12","213","2.04","97"
"33196","2013-07-12","7","90.00","348"
"33213","2013-07-12","80","50.00","149"
"33291","2013-07-13","3","285.00","194"
"33292","2013-07-13","30","112.00","194"
"33397","2013-07-15","150",".66","4"
"33508","2013-07-15","96","2.70","203"
"33510","2013-07-15","40","24.00","203"
"33558","2013-07-15","45","2.40","31"
"33912","2013-07-16","30","45.00","112"
"33806","2013-07-16","2","90.00","382"
"33807","2013-07-16","25","1.89","382"
"33851","2013-07-16","20","48.00","152"
"34188","2013-07-17","5","2.40","170"
"34231","2013-07-17","213","2.04","356"
"34232","2013-07-17","6","34.00","356"
"34234","2013-07-17","1","345.00","356"
"34278","2013-07-18","80","24.00","244"
"34281","2013-07-18","40","4.30","244"
"34346","2013-07-18","30","45.00","83"
"34350","2013-07-18","48","2.70","83"
"34466","2013-07-19","25","2.10","225"
"34521","2013-07-19","213","2.10","98"
"34765","2013-07-20","1","45.00","185"
"35495","2013-07-24","40","37.00","354"
"35600","2013-07-25","6","345.00","83"
"35707","2013-07-25","60","105.00","24"
"36180","2013-07-30","3","240.00","200"
"36293","2013-07-30","30","1.89","138"
"36294","2013-07-30","75","1.05","138"
"36472","2013-07-31","60","42.00","76"
"36570","2013-07-31","90","12.50","139"
"36571","2013-07-31","80","105.00","139"
"36575","2013-07-31","30","22.00","216"
"36576","2013-07-31","182","2.90","216"
"36792","2013-08-02","60","99.00","138"
"37085","2013-08-03","60","112.00","78"
"37086","2013-08-03","4","1899.00","78"
"37087","2013-08-03","75","3.50","78"
"37153","2013-08-05","160","3.50","37"
"37221","2013-08-05","84","2.70","31"
"37474","2013-08-06","3","240.00","273"
"37476","2013-08-06","1","285.00","332"
"37478","2013-08-06","30","20.00","332"
"37537","2013-08-06","213","2.90","143"
"37673","2013-08-07","70","102.00","27"
"37676","2013-08-07","70","12.50","27"
"38016","2013-08-09","213","2.55","116"
"38081","2013-08-09","200","2.74","249"
"38268","2013-08-10","2","45.00","140"
"38279","2013-08-10","60","15.00","177"
"38280","2013-08-10","20","102.00","177"
"38343","2013-08-12","60","105.00","198"
"38561","2013-08-13","40","26.00","309"
"38628","2013-08-13","175","1.11","317"
"38658","2013-08-13","60","2.70","179"
"38665","2013-08-13","80","3.50","15"
"38667","2013-08-13","150","3.50","15"
"38600","2013-08-13","3","34.00","126"
"38602","2013-08-13","200","3.50","126"
"38783","2013-08-14","7","87.00","73"
"38787","2013-08-14","5","87.00","204"
"39014","2013-08-15","200",".95","148"
"39015","2013-08-15","70","15.00","148"
"39016","2013-08-15","5","285.00","148"
"39125","2013-08-16","2","1899.00","25"
"39237","2013-08-17","30","48.00","186"
"39238","2013-08-17","150","1.28","186"
"39390","2013-08-19","30","29.00","248"
"39448","2013-08-19","30","99.00","20"
"39899","2013-08-21","60","4.50","58"
"39769","2013-08-21","175","1.05","256"
"39771","2013-08-21","30","105.00","256"
"39875","2013-08-21","70","20.00","215"
"40045","2013-08-22","60","2.70","15"
"40074","2013-08-22","35","1.89","35"
"40294","2013-08-24","60","20.00","202"
"40524","2013-08-26","6","45.00","110"
"40542","2013-08-26","70","4.30","380"
"40544","2013-08-26","213","2.10","380"
"40545","2013-08-26","4","87.00","380"
"40569","2013-08-27","200","1.05","364"
"40620","2013-08-27","8","240.00","361"
"41084","2013-08-29","30","29.00","366"
"41086","2013-08-29","2","87.00","366"
"41210","2013-08-30","5","87.00","3"
"41211","2013-08-30","12","2.70","3"
"41212","2013-08-30","1","34.00","3"
"41222","2013-08-30","70","108.00","396"
"41351","2013-08-30","40","50.00","224"
"41223","2013-08-30","208","2.90","396"
"41376","2013-08-31","2","34.00","244"
"41455","2013-08-31","213","2.90","209"
"41628","2013-09-03","1","90.00","233"
"41741","2013-09-03","70","26.00","179"
"41791","2013-09-04","75","1.11","118"
"41924","2013-09-04","90","50.00","336"
"41931","2013-09-04","20","29.00","390"
"41932","2013-09-04","5","90.00","390"
"41947","2013-09-04","7","87.00","217"
"41949","2013-09-04","2","285.00","217"
"42015","2013-09-05","125",".95","223"
"42016","2013-09-05","30","105.00","223"
"42082","2013-09-05","70","50.00","310"
"42115","2013-09-05","213","3.50","210"
"42116","2013-09-05","80","108.00","210"
"42212","2013-09-05","5","1.89","3"
"42242","2013-09-05","30","2.40","70"
"42308","2013-09-06","80","50.00","283"
"42408","2013-09-06","8","45.00","149"
"42409","2013-09-06","20","105.00","149"
"42410","2013-09-06","60","48.00","149"
"42439","2013-09-06","30","12.50","276"
"42503","2013-09-06","150","1.05","324"
"42504","2013-09-06","45","1.89","324"
"41523","2013-09-02","5","34.00","296"
"41694","2013-09-03","175","1.05","291"
"41848","2013-09-04","4","285.00","12"
"41993","2013-09-04","70","18.50","251"
"42040","2013-09-05","9","90.00","55"
"42467","2013-09-06","1","285.00","5"
"42488","2013-09-06","5","87.00","154"
"42545","2013-09-07","3","285.00","82"
"42660","2013-09-09","40","20.00","294"
"42667","2013-09-09","4","90.00","346"
"42638","2013-09-09","75","1.14","370"
"42831","2013-09-10","80","45.00","248"
"43179","2013-09-11","20","99.00","201"
"43184","2013-09-11","200","3.50","207"
"43191","2013-09-11","6","285.00","203"
"43601","2013-09-14","8","1899.00","111"
"43605","2013-09-14","7","345.00","111"
"43882","2013-09-16","84","2.70","332"
"44435","2013-09-18","84","2.70","298"
"44353","2013-09-18","200","1.05","140"
"44354","2013-09-18","125",".66","140"
"44404","2013-09-18","175","1.11","316"
"44265","2013-09-18","40","18.50","171"
"44549","2013-09-19","1","240.00","30"
"44551","2013-09-19","30","102.00","30"
"44566","2013-09-19","84","2.70","64"
"44901","2013-09-20","20","3.50","167"
"44953","2013-09-21","200","1.05","98"
"44954","2013-09-21","20","42.00","98"
"45111","2013-09-23","60","2.70","197"
"45137","2013-09-23","70","112.00","134"
"45138","2013-09-23","80","42.00","134"
"45342","2013-09-24","175",".66","226"
"45386","2013-09-24","150","2.04","367"
"45485","2013-09-24","8","240.00","187"
"45421","2013-09-24","24","2.70","69"
"45422","2013-09-24","15","1.89","69"
"45528","2013-09-24","30","37.00","385"
"45884","2013-09-25","90","20.00","333"
"45794","2013-09-25","2","34.00","87"
"46466","2013-09-30","2","240.00","365"
"46468","2013-09-30","30","42.00","339"
"46393","2013-09-30","80","3.50","156"
"46395","2013-09-30","60","4.50","156"
"46606","2013-10-01","20","99.00","220"
"46766","2013-10-01","20","37.00","399"
"46958","2013-10-02","213",".66","331"
"46919","2013-10-02","213",".95","127"
"47537","2013-10-07","9","34.00","371"
"47746","2013-10-09","20","102.00","250"
"47809","2013-10-09","40","18.50","261"
"47810","2013-10-09","1","34.00","261"
"47851","2013-10-09","2","34.00","349"
"47888","2013-10-09","120","2.70","13"
"47940","2013-10-10","30","18.50","237"
"47942","2013-10-10","20","20.00","364"
"47946","2013-10-10","80","37.00","169"
"47949","2013-10-10","7","87.00","169"
"47998","2013-10-10","40","33.00","307"
"48041","2013-10-10","84","2.70","218"
"48045","2013-10-10","125","1.05","218"
"48172","2013-10-10","70","105.00","237"
"48154","2013-10-10","30","42.00","97"
"48233","2013-10-11","30","1.89","309"
"48378","2013-10-12","20","3.50","15"
"48379","2013-10-12","213","2.55","15"
"48380","2013-10-12","7","240.00","15"
"48457","2013-10-12","70","15.00","243"
"48458","2013-10-12","20","29.00","243"
"48647","2013-10-14","9","34.00","216"
"48621","2013-10-14","200",".95","118"
"48624","2013-10-14","3","240.00","118"
"49159","2013-10-17","175","1.05","161"
"49199","2013-10-17","20","105.00","147"
"49202","2013-10-17","20","29.00","147"
"49293","2013-10-18","160","3.50","322"
"49294","2013-10-18","12","2.70","322"
"49296","2013-10-18","6","240.00","322"
"49749","2013-10-21","80","112.00","196"
"49790","2013-10-22","213","2.74","387"
"49853","2013-10-22","5","45.00","139"
"49893","2013-10-22","70","105.00","264"
"49991","2013-10-22","8","1899.00","178"
"50321","2013-10-24","30","99.00","160"
"50226","2013-10-24","213","2.10","311"
"50242","2013-10-24","200",".66","244"
"50189","2013-10-24","25",".95","199"
"50191","2013-10-24","90","4.50","368"
"50408","2013-10-25","7","240.00","67"
"50526","2013-10-25","20","48.00","36"
"50572","2013-10-25","60","4.50","293"
"50865","2013-10-28","30","33.00","26"
"51056","2013-10-28","96","2.70","22"
"50912","2013-10-28","90","33.00","214"
"51128","2013-10-29","25","2.55","167"
"51536","2013-10-30","3","34.00","77"
"51378","2013-10-30","6","87.00","365"
"51380","2013-10-30","20","42.00","365"
"51384","2013-10-30","90","112.00","45"
"51387","2013-10-30","213","2.74","45"
"51611","2013-10-31","213","2.10","235"
"51658","2013-10-31","30","108.00","134"
"51659","2013-10-31","75","2.04","134"
"51753","2013-11-01","90","33.00","305"
"52033","2013-11-04","213",".95","157"
"52035","2013-11-04","125","2.55","157"
"52142","2013-11-04","25","2.74","50"
"52144","2013-11-04","70","48.00","50"
"52259","2013-11-05","60","24.00","144"
"52263","2013-11-05","8","345.00","58"
"52706","2013-11-07","25","2.10","169"
"52710","2013-11-07","3","240.00","169"
"53096","2013-11-11","90","33.00","290"
"53149","2013-11-11","9","1899.00","192"
"53183","2013-11-11","156","2.90","376"
"53279","2013-11-12","90","33.00","339"
"53669","2013-11-13","6","240.00","352"
"53508","2013-11-13","60","2.70","284"
"53523","2013-11-13","60","50.00","11"
"53525","2013-11-13","20","105.00","11"
"53526","2013-11-13","3","240.00","11"
"53944","2013-11-15","30","33.00","308"
"54130","2013-11-16","175","3.50","161"
"54131","2013-11-16","213","2.55","161"
"54189","2013-11-16","9","240.00","171"
"54515","2013-11-18","7","345.00","35"
"54404","2013-11-18","24","2.70","137"
"54448","2013-11-18","48","2.70","35"
"54451","2013-11-18","9","34.00","35"
"54461","2013-11-18","60","105.00","157"
"54699","2013-11-19","26","2.90","37"
"54721","2013-11-19","30","102.00","270"
"54723","2013-11-19","108","2.70","270"
"54725","2013-11-19","7","34.00","270"
"54648","2013-11-19","200","2.55","115"
"54814","2013-11-20","75",".66","243"
"54815","2013-11-20","15","1.89","243"
"54821","2013-11-20","40","26.00","33"
"54915","2013-11-20","25","1.89","7"
"54948","2013-11-20","175","1.14","144"
"55055","2013-11-21","70","108.00","59"
"55313","2013-11-21","36","2.70","88"
"55269","2013-11-21","3","240.00","88"
"55176","2013-11-21","80","22.00","274"
"55233","2013-11-21","7","240.00","275"
"55235","2013-11-21","4","34.00","275"
"55428","2013-11-22","150","1.14","257"
"55460","2013-11-23","20","37.00","221"
"55461","2013-11-23","175","1.28","221"
"6533","2013-02-09","175","2.74","149"
"6889","2013-02-12","213","2.04","365"
"6911","2013-02-12","125","1.14","97"
"6913","2013-02-12","20","4.30","97"
"7004","2013-02-13","80","24.00","371"
"7009","2013-02-13","75","1.05","125"
"7370","2013-02-16","213","1.11","347"
"7806","2013-02-19","3","345.00","202"
"8080","2013-02-21","9","34.00","201"
"8113","2013-02-21","90","45.00","215"
"8214","2013-02-22","70","105.00","127"
"8216","2013-02-22","3","345.00","127"
"8231","2013-02-22","90","112.00","146"
"8246","2013-02-22","108","2.70","159"
"8286","2013-02-22","213","2.04","87"
"8447","2013-02-23","150","1.05","369"
"8500","2013-02-25","80","22.00","94"
"8569","2013-02-26","30","1.89","230"
"8571","2013-02-26","7","87.00","230"
"8632","2013-02-26","4","285.00","275"
"8660","2013-02-26","90","22.00","3"
"8863","2013-02-27","213",".95","298"
"8866","2013-02-27","3","1899.00","298"
"8850","2013-02-27","20","99.00","125"
"9191","2013-03-01","2","285.00","195"
"9084","2013-03-01","213","2.55","359"
"9035","2013-03-01","60","37.00","301"
"9372","2013-03-02","24","2.70","376"
"9308","2013-03-02","60","108.00","83"
"9311","2013-03-02","3","34.00","83"
"9578","2013-03-04","9","87.00","375"
"9692","2013-03-05","20","37.00","18"
"9738","2013-03-05","6","34.00","119"
"9739","2013-03-05","25","2.10","119"
"10005","2013-03-06","1","240.00","136"
"10082","2013-03-06","2","34.00","5"
"10215","2013-03-07","75","1.11","50"
"10218","2013-03-07","90","112.00","50"
"10320","2013-03-07","60","15.00","168"
"10432","2013-03-08","60","112.00","113"
"10435","2013-03-08","4","240.00","152"
"10633","2013-03-08","130","2.90","45"
"10511","2013-03-08","60","50.00","162"
"10514","2013-03-08","20","18.50","321"
"10516","2013-03-08","40","26.00","321"
"10828","2013-03-11","90","4.30","386"
"10829","2013-03-11","9","45.00","386"
"10840","2013-03-11","70","99.00","85"
"10969","2013-03-11","150","2.74","402"
"11337","2013-03-13","6","34.00","299"
"11486","2013-03-13","90","37.50","49"
"11413","2013-03-13","70","45.00","103"
"11414","2013-03-13","60","4.30","103"
"11784","2013-03-14","75","2.04","369"
"11785","2013-03-14","36","2.70","369"
"11787","2013-03-14","80","37.50","369"
"11917","2013-03-15","25","2.40","264"
"11970","2013-03-15","15","2.40","327"
"12315","2013-03-19","26","2.90","21"
"12317","2013-03-19","60","26.00","21"
"12410","2013-03-19","40","50.00","91"
"12613","2013-03-20","200","3.50","289"
"12742","2013-03-20","40","26.00","150"
"12831","2013-03-20","80","3.50","253"
"12916","2013-03-21","30","37.50","118"
"12946","2013-03-21","80","45.00","39"
"12947","2013-03-21","150","1.14","39"
"13127","2013-03-21","3","240.00","249"
"13233","2013-03-22","213","1.14","311"
"13237","2013-03-22","5","240.00","258"
"13299","2013-03-22","200","3.50","62"
"13313","2013-03-22","4","1899.00","183"
"13378","2013-03-23","213","2.74","240"
"13619","2013-03-25","12","2.70","250"
"13735","2013-03-26","20","1.89","337"
"14008","2013-03-27","70","45.00","282"
"14009","2013-03-27","30","42.00","282"
"14270","2013-03-29","60","24.00","9"
"14366","2013-03-30","80","22.00","46"
"14375","2013-03-30","213","2.10","234"
"14376","2013-03-30","80","48.00","234"
"14612","2013-04-01","200","1.11","366"
"14816","2013-04-02","6","34.00","350"
"14818","2013-04-02","30","18.50","324"
"14820","2013-04-02","213","2.55","324"
"15454","2013-04-05","120","3.50","367"
"15455","2013-04-05","15","2.40","367"
"15420","2013-04-05","20","42.00","339"
"15498","2013-04-05","7","1899.00","224"
"15653","2013-04-06","125","1.28","156"
"15656","2013-04-06","15","1.89","156"
"15675","2013-04-06","70","33.00","247"
"15723","2013-04-08","9","34.00","13"
"15724","2013-04-08","20","4.30","13"
"15728","2013-04-08","20","99.00","282"
"15934","2013-04-09","213","1.28","21"
"15936","2013-04-09","80","37.00","21"
"15887","2013-04-09","213","2.90","375"
"15888","2013-04-09","125","1.05","375"
"16019","2013-04-10","7","285.00","175"
"16118","2013-04-10","36","2.70","381"
"16119","2013-04-10","8","45.00","381"
"16130","2013-04-10","5","2.40","15"
"16132","2013-04-10","60","99.00","15"
"16492","2013-04-12","30","12.50","303"
"16520","2013-04-12","40","4.30","10"
"16531","2013-04-12","3","285.00","75"
"16532","2013-04-12","7","45.00","75"
"16587","2013-04-12","5","1899.00","385"
"16713","2013-04-13","5","34.00","382"
"16770","2013-04-13","60","37.50","58"
"16793","2013-04-13","48","2.70","382"
"16919","2013-04-15","3","285.00","52"
"16966","2013-04-16","1","240.00","150"
"17194","2013-04-16","200","2.04","13"
"17247","2013-04-17","150",".95","327"
"17248","2013-04-17","30","50.00","327"
"17498","2013-04-17","175","3.50","310"
"17639","2013-04-18","80","4.30","392"
"17627","2013-04-18","4","34.00","65"
"17943","2013-04-19","7","285.00","27"
"17840","2013-04-19","90","48.00","49"
"17869","2013-04-19","30","99.00","112"
"17768","2013-04-19","200","1.05","87"
"18021","2013-04-20","90","105.00","128"
"18222","2013-04-22","15","1.89","372"
"18259","2013-04-22","5","240.00","16"
"18267","2013-04-22","213","1.05","179"
"18368","2013-04-23","30","37.50","270"
"18406","2013-04-23","25","2.74","3"
"18579","2013-04-23","5","87.00","105"
"18837","2013-04-25","2","87.00","33"
"19417","2013-04-29","60","48.00","132"
"19458","2013-04-30","40","24.00","166"
"19460","2013-04-30","9","34.00","166"
"19483","2013-04-30","7","345.00","253"
"19541","2013-04-30","78","2.90","350"
"19681","2013-04-30","200","1.05","103"
"19693","2013-04-30","3","285.00","344"
"19701","2013-04-30","40","108.00","180"
"19728","2013-05-01","70","105.00","339"
"19730","2013-05-01","30","108.00","339"
"19781","2013-05-01","96","2.70","127"
"19856","2013-05-01","2","45.00","358"
"19857","2013-05-01","8","285.00","358"
"20110","2013-05-02","30","15.00","236"
"20111","2013-05-02","60","45.00","236"
"20153","2013-05-02","5","240.00","299"
"19967","2013-05-02","1","240.00","78"
"19973","2013-05-02","200",".95","294"
"20221","2013-05-03","9","34.00","97"
"20172","2013-05-03","36","2.70","167"
"20481","2013-05-04","30","37.00","171"
"20482","2013-05-04","40","4.30","171"
"20484","2013-05-04","5","240.00","171"
"664","2013-01-04","6","240.00","62"
"666","2013-01-04","213","1.11","239"
"783","2013-01-05","80","108.00","381"
"797","2013-01-07","20","37.50","110"
"801","2013-01-07","20","4.50","393"
"807","2013-01-07","80","105.00","236"
"813","2013-01-07","108","2.70","219"
"821","2013-01-07","6","345.00","222"
"850","2013-01-07","3","285.00","178"
"851","2013-01-07","9","34.00","178"
"859","2013-01-07","1","34.00","102"
"870","2013-01-07","30","20.00","98"
"873","2013-01-07","40","15.00","98"
"876","2013-01-07","45","2.40","87"
"883","2013-01-07","5","1.89","389"
"911","2013-01-07","80","102.00","368"
"931","2013-01-07","12","2.70","319"
"933","2013-01-07","5","34.00","341"
"961","2013-01-07","40","24.00","298"
"971","2013-01-07","213","2.90","207"
"992","2013-01-07","30","102.00","94"
"993","2013-01-07","4","285.00","147"
"997","2013-01-07","25","2.40","74"
"1008","2013-01-07","25","2.74","208"
"1012","2013-01-07","15","2.40","357"
"1023","2013-01-07","200","1.05","141"
"1035","2013-01-07","12","2.70","336"
"1041","2013-01-07","70","112.00","29"
"1053","2013-01-07","4","45.00","233"
"1057","2013-01-07","9","285.00","233"
"1063","2013-01-07","25","1.89","119"
"1064","2013-01-07","40","105.00","347"
"1083","2013-01-07","175","2.04","378"
"2293","2013-01-15","40","99.00","56"
"2303","2013-01-15","75","1.05","73"
"2311","2013-01-15","90","33.00","322"
"2331","2013-01-15","30","29.00","127"
"2333","2013-01-15","4","87.00","127"
"2339","2013-01-15","60","26.00","86"
"2343","2013-01-15","8","1899.00","279"
"2353","2013-01-15","1","240.00","387"
"2361","2013-01-15","30","37.50","194"
"2364","2013-01-15","20","105.00","194"
"2371","2013-01-15","3","45.00","272"
"2374","2013-01-15","200","1.11","334"
"2376","2013-01-15","40","37.50","334"
"2389","2013-01-15","2","240.00","133"
"2390","2013-01-15","6","45.00","133"
"2393","2013-01-15","48","2.70","133"
"2400","2013-01-15","9","285.00","229"
"2405","2013-01-15","60","29.00","222"
"2409","2013-01-15","12","2.70","124"
"2411","2013-01-15","1","34.00","124"
"2421","2013-01-15","90","50.00","262"
"2431","2013-01-15","48","2.70","362"
"2432","2013-01-15","90","112.00","362"
"2440","2013-01-15","70","37.50","371"
"2469","2013-01-15","40","50.00","318"
"2470","2013-01-15","3","240.00","318"
"2473","2013-01-15","30","37.50","17"
"2474","2013-01-15","80","4.50","17"
"2480","2013-01-15","2","34.00","402"
"2485","2013-01-15","125",".95","396"
"2555","2013-01-15","60","112.00","116"
"2556","2013-01-15","125","1.11","276"
"2560","2013-01-15","20","45.00","276"
"2567","2013-01-15","150","2.10","17"
"2570","2013-01-15","9","34.00","365"
"2581","2013-01-15","30","4.50","348"
"2589","2013-01-15","60","4.50","178"
"2522","2013-01-15","75","2.74","75"
"2524","2013-01-15","20","37.00","75"
"2530","2013-01-15","150","2.04","181"
"2533","2013-01-15","75","1.05","226"
"2539","2013-01-15","180","3.50","54"
"2499","2013-01-15","80","99.00","49"
"2500","2013-01-15","150","1.28","49"
"2505","2013-01-15","60","4.50","201"
"2508","2013-01-15","60","2.70","392"
"2737","2013-01-17","3","34.00","98"
"2739","2013-01-17","80","112.00","222"
"2756","2013-01-17","8","34.00","334"
"2758","2013-01-17","20","33.00","334"
"2768","2013-01-17","90","45.00","47"
"2774","2013-01-17","175","1.28","207"
"2780","2013-01-17","5","34.00","324"
"2792","2013-01-17","40","33.00","166"
"2796","2013-01-17","30","37.00","367"
"2797","2013-01-17","125","1.14","367"
"2804","2013-01-17","35","1.89","262"
"2805","2013-01-17","30","37.50","262"
"2813","2013-01-17","70","15.00","329"
"2820","2013-01-17","200","2.55","387"
"2824","2013-01-17","108","2.70","349"
"2832","2013-01-17","7","240.00","280"
"2836","2013-01-17","20","18.50","280"
"2847","2013-01-17","9","240.00","370"
"2874","2013-01-17","5","240.00","388"
"2875","2013-01-17","20","15.00","388"
"2881","2013-01-17","30","37.00","382"
"2884","2013-01-17","48","2.70","382"
"2889","2013-01-17","9","34.00","254"
"2891","2013-01-17","3","34.00","254"
"7518","2013-02-18","30","20.00","151"
"7542","2013-02-18","15","1.89","130"
"7545","2013-02-18","70","48.00","130"
"7550","2013-02-18","160","3.50","278"
"7580","2013-02-18","90","37.50","25"
"7585","2013-02-18","70","105.00","350"
"7586","2013-02-18","60","18.50","350"
"7647","2013-02-18","6","240.00","117"
"7648","2013-02-18","60","4.50","117"
"7595","2013-02-18","6","87.00","307"
"7611","2013-02-18","80","24.00","93"
"7612","2013-02-18","48","2.70","93"
"7613","2013-02-18","125","1.05","93"
"7634","2013-02-18","30","102.00","191"
"8873","2013-02-28","3","87.00","261"
"8875","2013-02-28","96","2.70","261"
"8876","2013-02-28","30","12.50","261"
"8877","2013-02-28","200","3.50","261"
"8879","2013-02-28","80","26.00","72"
"8892","2013-02-28","30","12.50","316"
"8899","2013-02-28","60","33.00","125"
"8923","2013-02-28","2","45.00","29"
"8929","2013-02-28","150","2.55","359"
"8950","2013-02-28","80","50.00","178"
"8953","2013-02-28","125","2.04","178"
"8961","2013-02-28","2","285.00","256"
"8970","2013-02-28","30","112.00","30"
"8986","2013-02-28","2","240.00","169"
"22938","2013-05-18","3","285.00","136"
"22957","2013-05-18","125",".66","33"
"22959","2013-05-18","200","1.28","33"
"22982","2013-05-18","20","112.00","9"
"23016","2013-05-18","40","102.00","73"
"23017","2013-05-18","150",".95","73"
"23043","2013-05-18","60","2.70","162"
"23468","2013-05-21","60","37.50","285"
"23469","2013-05-21","175",".66","285"
"23509","2013-05-21","1","1899.00","252"
"23520","2013-05-21","125","2.74","149"
"30062","2013-06-27","7","87.00","246"
"30244","2013-06-27","3","285.00","18"
"30170","2013-06-27","70","18.50","220"
"30137","2013-06-27","6","240.00","397"
"36048","2013-07-29","40","4.30","208"
"36071","2013-07-29","90","50.00","145"
"36072","2013-07-29","60","105.00","145"
"36082","2013-07-29","40","4.30","261"
"47021","2013-10-03","70","50.00","183"
"48761","2013-10-15","8","34.00","93"
"52750","2013-11-08","90","29.00","140"
"52809","2013-11-08","15","2.40","123"
"52810","2013-11-08","30","33.00","123"
"52813","2013-11-08","20","18.50","123"
"52820","2013-11-08","90","105.00","304"
"52849","2013-11-08","6","345.00","208"
"52871","2013-11-08","120","2.70","54"
"52903","2013-11-08","213",".95","157"
"52925","2013-11-08","90","108.00","226"
"52926","2013-11-08","25","1.05","226"
"52939","2013-11-08","7","90.00","227"
"52941","2013-11-08","40","24.00","227"
"52954","2013-11-08","213","2.55","321"
"52955","2013-11-08","40","3.50","321"
"381","2013-01-03","10","105.00","36"
"522","2013-01-03","10","240.00","325"
"893","2013-01-07","10","34.00","279"
"994","2013-01-07","10","240.00","147"
"1020","2013-01-07","10","37.50","387"
"1061","2013-01-07","10","87.00","119"
"1361","2013-01-09","10","12.50","202"
"1487","2013-01-10","10","37.50","366"
"1634","2013-01-10","10","105.00","300"
"1893","2013-01-11","10","37.50","317"
"2075","2013-01-14","10","285.00","6"
"2526","2013-01-15","10","240.00","332"
"2799","2013-01-17","10","105.00","290"
"2840","2013-01-17","10","33.00","113"
"2864","2013-01-17","10","105.00","251"
"2882","2013-01-17","10","48.00","382"
"3041","2013-01-18","10","34.00","152"
"3067","2013-01-18","10","18.50","46"
"3224","2013-01-19","10","33.00","165"
"3280","2013-01-21","10","345.00","49"
"3379","2013-01-21","10","240.00","71"
"3556","2013-01-23","10","345.00","121"
"3600","2013-01-23","10","42.00","96"
"3662","2013-01-23","10","24.00","388"
"3668","2013-01-23","10","48.00","284"
"4039","2013-01-25","10","285.00","383"
"4172","2013-01-26","10","87.00","28"
"4188","2013-01-26","10","108.00","366"
"4548","2013-01-29","10","34.00","296"
"4690","2013-01-29","10","34.00","362"
"4759","2013-01-29","10","45.00","159"
"4771","2013-01-29","10","87.00","163"
"5079","2013-01-31","10","37.50","269"
"5356","2013-02-01","10","33.00","96"
"5671","2013-02-04","10","45.00","398"
"5755","2013-02-04","10","1899.00","291"
"5785","2013-02-04","10","285.00","3"
"5895","2013-02-05","10","285.00","359"
"5924","2013-02-05","10","12.50","68"
"6166","2013-02-07","10","45.00","254"
"6382","2013-02-08","10","285.00","367"
"6278","2013-02-08","10","26.00","360"
"6581","2013-02-11","10","105.00","241"
"6590","2013-02-11","10","18.50","212"
"6592","2013-02-11","10","20.00","397"
"6811","2013-02-11","10","112.00","88"
"6827","2013-02-12","10","12.50","70"
"6918","2013-02-12","10","112.00","125"
"7017","2013-02-13","10","33.00","75"
"7124","2013-02-14","10","50.00","280"
"7200","2013-02-14","10","33.00","41"
"7328","2013-02-15","10","18.50","110"
"7384","2013-02-16","10","20.00","12"
"7567","2013-02-18","10","102.00","38"
"7680","2013-02-19","10","42.00","163"
"7724","2013-02-19","10","37.00","3"
"7873","2013-02-20","10","240.00","200"
"7967","2013-02-20","10","24.00","176"
"8179","2013-02-22","10","34.00","130"
"8360","2013-02-23","10","34.00","355"
"8505","2013-02-25","10","22.00","315"
"8853","2013-02-27","10","22.00","125"
"9110","2013-03-01","10","34.00","336"
"9024","2013-03-01","10","33.00","358"
"9329","2013-03-02","10","240.00","171"
"10087","2013-03-06","10","99.00","178"
"10428","2013-03-08","10","285.00","83"
"10520","2013-03-08","10","285.00","298"
"10937","2013-03-11","10","240.00","224"
"10991","2013-03-11","10","285.00","356"
"11774","2013-03-14","10","45.00","131"
"11644","2013-03-14","10","45.00","117"
"11653","2013-03-14","10","37.00","360"
"11668","2013-03-14","10","108.00","294"
"11974","2013-03-15","10","34.00","316"
"12546","2013-03-19","10","4.50","301"
"12625","2013-03-20","10","105.00","213"
"12666","2013-03-20","10","26.00","122"
"12958","2013-03-21","10","29.00","58"
"13021","2013-03-21","10","33.00","152"
"13066","2013-03-21","10","2.40","15"
"13239","2013-03-22","10","45.00","279"
"13465","2013-03-25","10","4.50","202"
"13519","2013-03-25","10","48.00","338"
"13766","2013-03-26","10","15.00","190"
"13851","2013-03-27","10","4.50","101"
"14011","2013-03-27","10","108.00","358"
"14316","2013-03-29","10","45.00","89"
"14386","2013-03-30","10","34.00","269"
"14660","2013-04-01","10","45.00","15"
"14514","2013-04-01","10","240.00","296"
"14891","2013-04-03","10","26.00","162"
"15028","2013-04-03","10","1.89","248"
"15418","2013-04-05","10","50.00","339"
"15526","2013-04-05","10","240.00","7"
"15694","2013-04-08","10","33.00","101"
"15722","2013-04-08","10","1.89","13"
"15864","2013-04-09","10","90.00","211"
"15875","2013-04-09","10","50.00","373"
"16189","2013-04-10","10","48.00","370"
"16468","2013-04-12","10","37.50","288"
"16677","2013-04-12","10","345.00","255"
"16588","2013-04-12","10","108.00","385"
"16956","2013-04-16","10","12.50","381"
"17500","2013-04-17","10","20.00","310"
"17408","2013-04-17","10","285.00","36"
"17418","2013-04-17","10","48.00","61"
"17419","2013-04-17","10","22.00","61"
"17668","2013-04-18","10","1.89","76"
"17606","2013-04-18","10","4.50","51"
"17630","2013-04-18","10","37.50","65"
"18088","2013-04-20","10","240.00","278"
"18110","2013-04-20","10","37.50","313"
"18440","2013-04-23","10","105.00","387"
"18442","2013-04-23","10","87.00","387"
"18682","2013-04-24","10","112.00","138"
"19147","2013-04-27","10","240.00","267"
"19204","2013-04-27","10","240.00","222"
"19205","2013-04-27","10","24.00","222"
"19709","2013-05-01","10","26.00","146"
"19782","2013-05-01","10","42.00","127"
"19789","2013-05-01","10","1899.00","228"
"20135","2013-05-02","10","48.00","290"
"19974","2013-05-02","10","240.00","294"
"20171","2013-05-03","10","50.00","167"
"20317","2013-05-03","10","105.00","86"
"20656","2013-05-06","10","37.50","395"
"20569","2013-05-06","10","4.50","48"
"20895","2013-05-07","10","90.00","37"
"21297","2013-05-09","10","37.00","346"
"21654","2013-05-10","10","240.00","395"
"22175","2013-05-14","10","22.00","252"
"22618","2013-05-16","10","45.00","168"
"23206","2013-05-20","10","29.00","390"
"23707","2013-05-23","10","105.00","46"
"23944","2013-05-24","10","37.00","77"
"24902","2013-05-30","10","240.00","84"
"25280","2013-05-31","10","29.00","11"
"25680","2013-06-03","10","50.00","111"
"25960","2013-06-04","10","24.00","321"
"26365","2013-06-06","10","240.00","82"
"26933","2013-06-10","10","99.00","36"
"27359","2013-06-11","10","99.00","117"
"27362","2013-06-11","10","105.00","327"
"27485","2013-06-12","10","15.00","33"
"27675","2013-06-13","10","48.00","309"
"27722","2013-06-14","10","240.00","120"
"28469","2013-06-19","10","112.00","37"
"29128","2013-06-21","10","240.00","44"
"30659","2013-06-29","10","112.00","294"
"32492","2013-07-09","10","240.00","153"
"32264","2013-07-09","10","34.00","203"
"32622","2013-07-10","10","105.00","400"
"32730","2013-07-10","10","99.00","331"
"33160","2013-07-12","10","1.89","356"
"33210","2013-07-12","10","20.00","149"
"33583","2013-07-15","10","33.00","107"
"37107","2013-08-03","10","33.00","45"
"37224","2013-08-05","10","42.00","266"
"37323","2013-08-05","10","4.30","31"
"37522","2013-08-06","10","34.00","201"
"37766","2013-08-07","10","26.00","108"
"38241","2013-08-10","10","18.50","383"
"38603","2013-08-13","10","24.00","126"
"38608","2013-08-13","10","15.00","347"
"38932","2013-08-14","10","99.00","15"
"39111","2013-08-16","10","90.00","253"
"39234","2013-08-17","10","37.00","186"
"40655","2013-08-27","10","33.00","33"
"41208","2013-08-30","10","22.00","3"
"41340","2013-08-30","10","42.00","97"
"41227","2013-08-30","10","42.00","351"
"41838","2013-09-04","10","37.50","337"
"42157","2013-09-05","10","240.00","269"
"42873","2013-09-10","10","50.00","274"
"43189","2013-09-11","10","1.89","203"
"43604","2013-09-14","10","87.00","111"
"43709","2013-09-14","10","20.00","330"
"44467","2013-09-18","10","102.00","306"
"44330","2013-09-18","10","102.00","287"
"45508","2013-09-24","10","42.00","219"
"45510","2013-09-24","10","1899.00","219"
"46369","2013-09-28","10","33.00","11"
"46484","2013-09-30","10","48.00","130"
"46396","2013-09-30","10","12.50","156"
"46707","2013-10-01","10","4.50","250"
"47345","2013-10-05","10","18.50","204"
"47932","2013-10-10","10","240.00","72"
"47947","2013-10-10","10","240.00","169"
"48007","2013-10-10","10","285.00","340"
"48171","2013-10-10","10","45.00","237"
"48577","2013-10-14","10","105.00","47"
"49789","2013-10-22","10","34.00","387"
"49886","2013-10-22","10","42.00","361"
"50869","2013-10-28","10","345.00","26"
"51238","2013-10-29","10","240.00","23"
"51438","2013-10-30","10","34.00","50"
"51704","2013-10-31","10","37.00","158"
"51823","2013-11-01","10","240.00","226"
"52824","2013-11-08","10","34.00","392"
"53336","2013-11-12","10","26.00","199"
"53734","2013-11-14","10","90.00","293"
"54013","2013-11-15","10","50.00","379"
"54059","2013-11-15","10","345.00","400"
"53952","2013-11-15","10","33.00","13"
"54478","2013-11-18","10","1899.00","15"
"54440","2013-11-18","10","34.00","5"
"54816","2013-11-20","10","34.00","243"
"55094","2013-11-21","10","45.00","200"
"55140","2013-11-21","10","37.50","248"
"55367","2013-11-22","10","4.50","321"
"55985","2013-11-26","10","4.50","190"
"56198","2013-11-28","10","33.00","77"
"56398","2013-11-28","10","112.00","22"
"56340","2013-11-28","10","18.50","188"
"56912","2013-12-02","10","285.00","133"
"57151","2013-12-03","10","15.00","369"
"57503","2013-12-05","10","345.00","358"
"57771","2013-12-06","10","24.00","215"
"58115","2013-12-09","10","48.00","225"
"58347","2013-12-10","10","18.50","102"
"58349","2013-12-10","10","112.00","102"
"58645","2013-12-13","10","240.00","359"
"58759","2013-12-13","10","285.00","175"
"59609","2013-12-19","10","22.00","327"
"59613","2013-12-19","10","90.00","293"
"59831","2013-12-20","10","26.00","204"
"60714","2013-12-26","10","105.00","153"
"60984","2013-12-27","10","12.50","12"
"61091","2013-12-28","10","240.00","260"
"61180","2013-12-30","10","345.00","389"
"61307","2013-12-30","10","20.00","291"
"61355","2013-12-31","10","29.00","365"
"61357","2013-12-31","10","105.00","201"
"61451","2013-12-31","10","34.00","306"
"61454","2013-12-31","10","4.50","306"
"61389","2013-12-31","10","45.00","102"
"38","2013-01-01","100","22.00","224"
"105","2013-01-01","100","15.00","376"
"165","2013-01-02","100","48.00","154"
"402","2013-01-03","100","2.55","199"
"530","2013-01-03","100","2.04","131"
"665","2013-01-04","100","108.00","38"
"551","2013-01-04","100","15.00","226"
"586","2013-01-04","100",".66","348"
"768","2013-01-05","100","18.50","42"
"781","2013-01-05","100","26.00","270"
"798","2013-01-07","100","24.00","110"
"941","2013-01-07","100","37.00","282"
"1082","2013-01-07","100","1.28","378"
"1330","2013-01-09","100","108.00","58"
"1403","2013-01-09","100","1.05","169"
"1417","2013-01-09","100","37.00","325"
"1436","2013-01-10","100","48.00","161"
"1480","2013-01-10","100","108.00","115"
"1521","2013-01-10","100","1.14","63"
"1619","2013-01-10","100","18.50","246"
"1912","2013-01-11","100","48.00","174"
"1929","2013-01-11","100","2.04","207"
"1933","2013-01-11","100","48.00","106"
"2103","2013-01-14","100","48.00","347"
"2318","2013-01-15","100","108.00","355"
"2417","2013-01-15","100",".66","262"
"2554","2013-01-15","100","48.00","116"
"2566","2013-01-15","100","1.11","17"
"2534","2013-01-15","100","37.50","226"
"2672","2013-01-16","100","1.28","35"
"2876","2013-01-17","100","22.00","388"
"3022","2013-01-18","100","37.00","59"
"3296","2013-01-21","100","29.00","328"
"3315","2013-01-21","100","24.00","384"
"3374","2013-01-21","100","29.00","233"
"3472","2013-01-22","100","99.00","339"
"3621","2013-01-23","100","3.50","30"
"3983","2013-01-25","100","1.11","243"
"4084","2013-01-25","100","37.00","117"
"4092","2013-01-25","100","4.30","201"
"4535","2013-01-29","100","22.00","262"
"4755","2013-01-29","100","29.00","366"
"5408","2013-02-01","100","4.30","200"
"5763","2013-02-04","100","4.50","240"
"5802","2013-02-04","100","24.00","311"
"6094","2013-02-06","100","22.00","170"
"6091","2013-02-06","100","1.28","322"
"6330","2013-02-08","100","4.30","174"
"6475","2013-02-09","100","29.00","328"
"6492","2013-02-09","100","108.00","228"
"6615","2013-02-11","100","105.00","186"
"6721","2013-02-11","100","112.00","281"
"6733","2013-02-11","100","105.00","364"
"6743","2013-02-11","100","24.00","88"
"6640","2013-02-11","100","33.00","383"
"6808","2013-02-11","100","2.10","88"
"6779","2013-02-11","100","1.11","230"
"7068","2013-02-14","100","45.00","93"
"7226","2013-02-14","100","4.30","203"
"7440","2013-02-16","100","1.11","133"
"7517","2013-02-18","100","1.11","151"
"7554","2013-02-18","100","105.00","278"
"7655","2013-02-18","100","1.05","370"
"7594","2013-02-18","100","24.00","307"
"7829","2013-02-19","100","26.00","188"
"7876","2013-02-20","100","102.00","282"
"8263","2013-02-22","100","105.00","188"
"8437","2013-02-23","100","1.14","211"
"8840","2013-02-27","100","20.00","259"
"9133","2013-03-01","100","1.05","132"
"9557","2013-03-04","100","105.00","273"
"9658","2013-03-04","100","22.00","268"
"9801","2013-03-05","100","48.00","67"
"9888","2013-03-06","100","1.05","34"
"9889","2013-03-06","100","3.50","34"
"10003","2013-03-06","100","33.00","104"
"10532","2013-03-08","100","37.50","165"
"10772","2013-03-09","100","4.30","313"
"11563","2013-03-14","100","37.00","245"
"11641","2013-03-14","100","1.11","117"
"11694","2013-03-14","100","26.00","100"
"11940","2013-03-15","100","26.00","194"
"12734","2013-03-20","100","24.00","238"
"13073","2013-03-21","100","102.00","60"
"13156","2013-03-22","100","24.00","305"
"13355","2013-03-23","100","3.50","394"
"13363","2013-03-23","100","50.00","231"
"13450","2013-03-23","100","2.55","351"
"13665","2013-03-25","100","102.00","197"
"13898","2013-03-27","100","1.05","259"
"14063","2013-03-27","100","48.00","81"
"13955","2013-03-27","100","50.00","210"
"14012","2013-03-27","100","15.00","358"
"14149","2013-03-28","100","22.00","43"
"14283","2013-03-29","100","2.04","321"
"14623","2013-04-01","100","4.30","16"
"14551","2013-04-01","100","29.00","166"
"14579","2013-04-01","100","3.50","126"
"14488","2013-04-01","100","2.74","291"
"14606","2013-04-01","100","24.00","205"
"14736","2013-04-02","100","29.00","235"
"14823","2013-04-02","100",".66","337"
"14920","2013-04-03","100","2.74","118"
"15348","2013-04-05","100","4.30","292"
"15417","2013-04-05","100",".95","339"
"15758","2013-04-08","100","24.00","389"
"15760","2013-04-08","100","20.00","389"
"15861","2013-04-09","100","2.74","170"
"15959","2013-04-09","100","48.00","46"
"16018","2013-04-10","100","37.00","175"
"16508","2013-04-12","100","112.00","195"
"16766","2013-04-13","100","26.00","117"
"16837","2013-04-15","100","37.00","243"
"17001","2013-04-16","100","29.00","85"
"17033","2013-04-16","100","2.74","349"
"17439","2013-04-17","100","1.11","327"
"17413","2013-04-17","100","99.00","256"
"17590","2013-04-18","100","112.00","367"
"17973","2013-04-19","100",".66","102"
"18258","2013-04-22","100","1.05","16"
"19148","2013-04-27","100","50.00","267"
"19474","2013-04-30","100","1.05","35"
"19997","2013-05-02","100","99.00","115"
"20231","2013-05-03","100","42.00","43"
"20483","2013-05-04","100","105.00","171"
"21196","2013-05-08","100","108.00","333"
"21138","2013-05-08","100","99.00","176"
"22233","2013-05-14","100","2.04","347"
"22560","2013-05-16","100","1.11","30"
"22823","2013-05-17","100","1.28","340"
"22881","2013-05-17","100","48.00","198"
"23293","2013-05-20","100",".95","371"
"23508","2013-05-21","100","37.00","252"
"24186","2013-05-25","100","37.00","70"
"24270","2013-05-27","100","1.05","187"
"24272","2013-05-27","100","12.50","187"
"24568","2013-05-28","100","15.00","171"
"24570","2013-05-28","100","26.00","171"
"24571","2013-05-28","100","3.50","171"
"24809","2013-05-29","100","4.30","332"
"25106","2013-05-30","100","2.55","236"
"25974","2013-06-04","100","37.00","19"
"25957","2013-06-04","100","45.00","138"
"26045","2013-06-05","100","1.14","31"
"26256","2013-06-05","100","105.00","176"
"26191","2013-06-05","100","37.00","275"
"26575","2013-06-07","100","29.00","105"
"26835","2013-06-08","100","3.50","167"
"27100","2013-06-10","100","2.74","174"
"27249","2013-06-11","100","12.50","318"
"27252","2013-06-11","100","26.00","318"
"27776","2013-06-14","100",".95","235"
"27780","2013-06-14","100","102.00","235"
"28152","2013-06-17","100","33.00","395"
"28513","2013-06-19","100","1.05","99"
"28645","2013-06-19","100","1.14","63"
"28693","2013-06-19","100","24.00","94"
"28893","2013-06-20","100","3.50","75"
"29231","2013-06-21","100","105.00","313"
"29288","2013-06-22","100","48.00","234"
"29773","2013-06-25","100","2.10","371"
"29826","2013-06-25","100","3.50","195"
"29978","2013-06-26","100","112.00","143"
"29896","2013-06-26","100","2.10","391"
"30658","2013-06-29","100","1.05","294"
"30860","2013-07-01","100","102.00","339"
"31154","2013-07-02","100","48.00","260"
"31479","2013-07-03","100",".66","101"
"31631","2013-07-04","100","3.50","366"
"31757","2013-07-05","100","20.00","336"
"32727","2013-07-10","100","1.14","13"
"33461","2013-07-15","100","1.28","133"
"33464","2013-07-15","100","12.50","133"
"33849","2013-07-16","100","50.00","152"
"34661","2013-07-19","100","2.74","116"
"35701","2013-07-25","100","2.10","216"
"36175","2013-07-30","100","1.28","174"
"37067","2013-08-03","100","3.50","357"
"37111","2013-08-03","100","24.00","131"
"37666","2013-08-07","100","99.00","229"
"37754","2013-08-07","100","2.55","35"
"38281","2013-08-10","100","108.00","177"
"38531","2013-08-12","100","48.00","335"
"38782","2013-08-14","100","15.00","73"
"38923","2013-08-14","100","1.11","242"
"40925","2013-08-28","100","4.50","278"
"41350","2013-08-30","100","12.50","224"
"41525","2013-09-02","100","20.00","363"
"41500","2013-09-02","100","48.00","4"
"41745","2013-09-03","100","26.00","157"
"41893","2013-09-04","100","1.11","397"
"42117","2013-09-05","100","4.50","210"
"42402","2013-09-06","100","22.00","133"
"42640","2013-09-09","100","48.00","370"
"42666","2013-09-09","100","1.05","346"
"42863","2013-09-10","100","12.50","102"
"44167","2013-09-17","100","102.00","356"
"44952","2013-09-21","100","1.11","98"
"44995","2013-09-21","100","1.05","112"
"45993","2013-09-26","100","48.00","44"
"46767","2013-10-01","100","15.00","399"
"47567","2013-10-08","100","2.74","177"
"50320","2013-10-24","100","20.00","160"
"50241","2013-10-24","100","1.28","244"
"53082","2013-11-11","100","112.00","228"
"53095","2013-11-11","100","15.00","290"
"53232","2013-11-12","100","3.50","213"
"53444","2013-11-13","100","105.00","119"
"53472","2013-11-13","100","3.50","336"
"53560","2013-11-13","100","2.10","366"
"54447","2013-11-18","100","108.00","35"
"54583","2013-11-19","100","50.00","37"
"54596","2013-11-19","100","42.00","386"
"54877","2013-11-20","100","112.00","10"
"55333","2013-11-22","100","42.00","93"
"55342","2013-11-22","100","105.00","11"
"55470","2013-11-23","100","2.04","74"
"55685","2013-11-25","100","29.00","125"
"55741","2013-11-26","100",".66","384"
"55994","2013-11-26","100","37.50","395"
"55996","2013-11-26","100","105.00","395"
"56404","2013-11-28","100","4.50","2"
"56828","2013-12-02","100","45.00","102"
"56872","2013-12-02","100",".66","258"
"56783","2013-12-02","100","2.74","316"
"56884","2013-12-02","100","22.00","36"
"57054","2013-12-03","100","105.00","111"
"57116","2013-12-03","100","20.00","146"
"57461","2013-12-04","100","12.50","110"
"57510","2013-12-05","100","37.50","176"
"58057","2013-12-09","100","15.00","124"
"58193","2013-12-09","100","105.00","13"
"58560","2013-12-12","100","4.30","86"
"59351","2013-12-18","100","20.00","321"
"59446","2013-12-19","100","26.00","133"
"60209","2013-12-24","100","15.00","350"
"60231","2013-12-24","100",".66","114"
"60547","2013-12-25","100",".66","285"
"60571","2013-12-25","100","2.10","269"
"60601","2013-12-25","100","37.00","193"
"60844","2013-12-27","100","15.00","400"
"61098","2013-12-28","100","15.00","164"
"61290","2013-12-30","100","4.30","139"
"61571","2013-12-31","100","4.30","118"
"61390","2013-12-31","100","45.00","102"
"136","2013-01-01","50","37.00","89"
"102","2013-01-01","50","99.00","105"
"137","2013-01-01","50","99.00","148"
"203","2013-01-02","50","29.00","258"
"319","2013-01-02","50","20.00","274"
"518","2013-01-03","50","24.00","160"
"542","2013-01-03","50","2.04","285"
"604","2013-01-04","50","1.05","324"
"701","2013-01-05","50","1.05","216"
"767","2013-01-05","50","1.28","42"
"788","2013-01-05","50","37.50","305"
"799","2013-01-07","50","4.30","393"
"968","2013-01-07","50","12.50","207"
"1013","2013-01-07","50","50.00","357"
"1038","2013-01-07","50","1.89","348"
"1114","2013-01-08","50","1.05","222"
"1195","2013-01-08","50","22.00","132"
"1566","2013-01-10","50","1.89","52"
"1735","2013-01-11","50","2.40","116"
"1768","2013-01-11","50","48.00","331"
"1781","2013-01-11","50","1.11","91"
"1799","2013-01-11","50","102.00","352"
"1800","2013-01-11","50","3.50","352"
"2210","2013-01-14","50","37.00","89"
"2471","2013-01-15","50","15.00","318"
"2472","2013-01-15","50","1.14","17"
"2503","2013-01-15","50","33.00","201"
"2671","2013-01-16","50","26.00","35"
"2706","2013-01-16","50","1.05","265"
"2964","2013-01-18","50","1.05","329"
"3106","2013-01-18","50","105.00","334"
"3139","2013-01-18","50","20.00","341"
"3417","2013-01-22","50","24.00","175"
"3684","2013-01-23","50","42.00","307"
"3806","2013-01-24","50","105.00","78"
"3812","2013-01-24","50","45.00","127"
"3830","2013-01-24","50","2.40","322"
"3984","2013-01-25","50","105.00","243"
"4005","2013-01-25","50","15.00","84"
"4023","2013-01-25","50","4.30","240"
"4556","2013-01-29","50","45.00","401"
"4643","2013-01-29","50","2.55","330"
"5239","2013-01-31","50","50.00","99"
"5332","2013-02-01","50","99.00","108"
"5421","2013-02-01","50","2.55","89"
"5455","2013-02-01","50","12.50","204"
"5793","2013-02-04","50","4.50","100"
"5947","2013-02-05","50","48.00","52"
"6491","2013-02-09","50","2.10","228"
"6626","2013-02-11","50","26.00","140"
"6673","2013-02-11","50","15.00","233"
"6797","2013-02-11","50","2.10","259"
